0.431,0.432,0.429,0.428,0.434,-2.126,-2.125,-2.125,-2.126,-2.125,-64.004,-4014.000
0.431,0.433,0.430,0.435,0.433,-2.125,-2.123,-2.126,-2.126,-2.124,-64.004,-4004.000
0.436,0.434,0.434,0.428,0.438,-2.124,-2.125,-2.125,-2.124,-2.125,-65.288,-3994.000
0.427,0.433,0.430,0.426,0.438,-2.125,-2.125,-2.126,-2.126,-2.128,-65.288,-3984.000
0.434,0.435,0.437,0.429,0.431,-2.125,-2.124,-2.126,-2.125,-2.125,-65.288,-3974.000
0.434,0.436,0.433,0.428,0.431,-2.125,-2.126,-2.126,-2.127,-2.124,-65.288,-3964.000
0.432,0.427,0.436,0.433,0.428,-2.126,-2.127,-2.125,-2.124,-2.124,-64.634,-3954.000
0.428,0.435,0.432,0.434,0.437,-2.126,-2.126,-2.126,-2.124,-2.126,-64.634,-3944.000
0.431,0.430,0.434,0.435,0.430,-2.125,-2.125,-2.125,-2.127,-2.126,-64.634,-3934.000
0.437,0.427,0.429,0.434,0.437,-2.126,-2.126,-2.123,-2.124,-2.126,-64.634,-3924.000
0.430,0.433,0.432,0.430,0.434,-2.126,-2.124,-2.122,-2.126,-2.124,-65.444,-3914.000
0.435,0.432,0.430,0.434,0.433,-2.126,-2.125,-2.125,-2.126,-2.124,-65.444,-3904.000
0.429,0.431,0.432,0.437,0.430,-2.124,-2.125,-2.125,-2.124,-2.125,-65.444,-3894.000
0.437,0.432,0.437,0.429,0.433,-2.126,-2.126,-2.123,-2.126,-2.126,-65.444,-3884.000
0.433,0.435,0.434,0.429,0.435,-2.125,-2.125,-2.126,-2.124,-2.126,-64.565,-3874.000
0.431,0.428,0.435,0.436,0.432,-2.124,-2.126,-2.124,-2.125,-2.125,-64.565,-3864.000
0.431,0.430,0.426,0.439,0.428,-2.125,-2.124,-2.124,-2.125,-2.126,-64.565,-3854.000
0.431,0.431,0.436,0.433,0.433,-2.126,-2.125,-2.123,-2.125,-2.123,-64.565,-3844.000
0.430,0.431,0.441,0.429,0.436,-2.126,-2.124,-2.125,-2.126,-2.125,-65.186,-3834.000
0.436,0.435,0.430,0.432,0.431,-2.125,-2.125,-2.125,-2.126,-2.125,-65.186,-3824.000
0.435,0.431,0.430,0.435,0.430,-2.126,-2.124,-2.125,-2.123,-2.125,-65.186,-3814.000
0.428,0.432,0.434,0.433,0.438,-2.126,-2.124,-2.124,-2.126,-2.123,-65.186,-3804.000
0.433,0.438,0.434,0.431,0.430,-2.124,-2.125,-2.125,-2.123,-2.125,-65.039,-3794.000
0.431,0.436,0.435,0.430,0.422,-2.124,-2.124,-2.123,-2.125,-2.125,-65.039,-3784.000
0.432,0.435,0.430,0.436,0.431,-2.125,-2.123,-2.124,-2.123,-2.124,-65.039,-3774.000
0.430,0.432,0.429,0.433,0.431,-2.124,-2.124,-2.125,-2.125,-2.124,-65.039,-3764.000
0.430,0.432,0.429,0.432,0.430,-2.124,-2.124,-2.124,-2.125,-2.126,-64.824,-3754.000
0.431,0.438,0.433,0.431,0.434,-2.126,-2.126,-2.123,-2.124,-2.123,-64.824,-3744.000
0.427,0.435,0.434,0.431,0.428,-2.123,-2.124,-2.123,-2.124,-2.125,-64.824,-3734.000
0.429,0.431,0.428,0.437,0.429,-2.124,-2.123,-2.126,-2.124,-2.126,-64.824,-3724.000
0.436,0.436,0.436,0.431,0.434,-2.124,-2.124,-2.125,-2.124,-2.122,-64.019,-3714.000
0.430,0.434,0.434,0.428,0.435,-2.124,-2.124,-2.123,-2.123,-2.125,-64.019,-3704.000
0.431,0.428,0.434,0.433,0.434,-2.124,-2.124,-2.123,-2.123,-2.124,-64.019,-3694.000
0.434,0.437,0.430,0.439,0.438,-2.124,-2.125,-2.124,-2.124,-2.123,-64.019,-3684.000
0.432,0.427,0.435,0.435,0.430,-2.125,-2.123,-2.124,-2.123,-2.120,-66.123,-3674.000
0.435,0.431,0.439,0.437,0.435,-2.125,-2.125,-2.125,-2.125,-2.124,-66.123,-3664.000
0.436,0.433,0.437,0.428,0.432,-2.122,-2.124,-2.123,-2.124,-2.122,-66.123,-3654.000
0.432,0.437,0.433,0.430,0.428,-2.125,-2.123,-2.122,-2.123,-2.123,-65.083,-3644.000
0.435,0.438,0.434,0.433,0.440,-2.123,-2.123,-2.122,-2.125,-2.124,-65.083,-3634.000
0.433,0.439,0.427,0.432,0.432,-2.124,-2.123,-2.122,-2.124,-2.123,-65.083,-3624.000
0.433,0.430,0.435,0.431,0.432,-2.124,-2.123,-2.124,-2.123,-2.123,-65.083,-3614.000
0.429,0.435,0.427,0.435,0.432,-2.124,-2.124,-2.123,-2.124,-2.123,-64.443,-3604.000
0.431,0.431,0.434,0.435,0.433,-2.123,-2.122,-2.124,-2.124,-2.123,-64.443,-3594.000
0.433,0.432,0.439,0.432,0.430,-2.124,-2.122,-2.123,-2.123,-2.123,-64.443,-3584.000
0.428,0.431,0.439,0.436,0.435,-2.123,-2.124,-2.124,-2.124,-2.122,-64.443,-3574.000
0.432,0.434,0.433,0.436,0.428,-2.122,-2.123,-2.121,-2.121,-2.120,-64.722,-3564.000
0.433,0.433,0.435,0.440,0.426,-2.123,-2.122,-2.123,-2.123,-2.123,-64.722,-3554.000
0.434,0.432,0.437,0.429,0.438,-2.124,-2.121,-2.122,-2.123,-2.122,-64.722,-3544.000
0.435,0.433,0.433,0.435,0.431,-2.123,-2.125,-2.122,-2.123,-2.122,-64.722,-3534.000
0.435,0.431,0.436,0.434,0.433,-2.123,-2.123,-2.122,-2.123,-2.123,-64.766,-3524.000
0.429,0.428,0.432,0.431,0.431,-2.122,-2.124,-2.122,-2.123,-2.122,-64.766,-3514.000
0.439,0.437,0.432,0.434,0.435,-2.124,-2.124,-2.123,-2.123,-2.123,-64.766,-3504.000
0.430,0.435,0.432,0.435,0.431,-2.122,-2.123,-2.122,-2.124,-2.122,-64.766,-3494.000
0.437,0.433,0.431,0.429,0.434,-2.122,-2.123,-2.121,-2.125,-2.124,-63.848,-3484.000
0.439,0.431,0.437,0.435,0.433,-2.122,-2.122,-2.122,-2.122,-2.121,-63.848,-3474.000
0.440,0.437,0.438,0.436,0.434,-2.124,-2.124,-2.122,-2.123,-2.122,-63.848,-3464.000
0.434,0.433,0.428,0.431,0.435,-2.124,-2.122,-2.122,-2.122,-2.122,-63.848,-3454.000
0.432,0.432,0.434,0.434,0.432,-2.122,-2.123,-2.122,-2.121,-2.123,-64.795,-3444.000
0.433,0.438,0.432,0.429,0.437,-2.122,-2.122,-2.122,-2.124,-2.123,-64.795,-3434.000
0.435,0.438,0.431,0.430,0.431,-2.122,-2.123,-2.122,-2.121,-2.121,-64.795,-3424.000
0.434,0.435,0.431,0.432,0.431,-2.123,-2.122,-2.122,-2.123,-2.124,-64.795,-3414.000
0.432,0.438,0.434,0.432,0.438,-2.122,-2.125,-2.122,-2.122,-2.122,-64.326,-3404.000
0.431,0.438,0.431,0.434,0.430,-2.124,-2.123,-2.122,-2.124,-2.124,-64.326,-3394.000
0.434,0.428,0.433,0.439,0.431,-2.122,-2.122,-2.122,-2.122,-2.124,-64.326,-3384.000
0.437,0.435,0.423,0.435,0.435,-2.121,-2.122,-2.122,-2.123,-2.121,-64.326,-3374.000
0.427,0.439,0.430,0.434,0.431,-2.121,-2.123,-2.122,-2.123,-2.122,-65.039,-3364.000
0.434,0.435,0.432,0.437,0.428,-2.121,-2.122,-2.121,-2.122,-2.124,-65.039,-3354.000
0.432,0.429,0.433,0.431,0.433,-2.122,-2.121,-2.122,-2.121,-2.122,-65.039,-3344.000
0.431,0.440,0.432,0.436,0.437,-2.121,-2.124,-2.123,-2.123,-2.123,-65.942,-3334.000
0.427,0.430,0.438,0.434,0.433,-2.121,-2.122,-2.123,-2.122,-2.122,-65.942,-3324.000
0.430,0.438,0.429,0.432,0.433,-2.121,-2.123,-2.122,-2.123,-2.123,-64.731,-3314.000
0.429,0.439,0.436,0.429,0.428,-2.124,-2.123,-2.121,-2.122,-2.122,-64.731,-3304.000
0.435,0.431,0.436,0.439,0.430,-2.123,-2.122,-2.123,-2.123,-2.122,-64.731,-3294.000
0.435,0.436,0.430,0.434,0.427,-2.119,-2.122,-2.120,-2.122,-2.124,-64.731,-3284.000
0.435,0.435,0.433,0.437,0.433,-2.122,-2.120,-2.122,-2.120,-2.121,-64.873,-3274.000
0.434,0.435,0.431,0.437,0.428,-2.123,-2.121,-2.123,-2.123,-2.122,-64.873,-3264.000
0.435,0.433,0.430,0.432,0.433,-2.121,-2.123,-2.122,-2.122,-2.121,-64.873,-3254.000
0.429,0.433,0.433,0.433,0.436,-2.120,-2.123,-2.120,-2.120,-2.121,-64.873,-3244.000
0.430,0.438,0.436,0.432,0.434,-2.120,-2.120,-2.121,-2.120,-2.120,-64.219,-3234.000
0.434,0.433,0.433,0.432,0.436,-2.121,-2.120,-2.121,-2.121,-2.121,-64.219,-3224.000
0.429,0.432,0.432,0.422,0.435,-2.120,-2.120,-2.121,-2.124,-2.123,-64.219,-3214.000
0.432,0.434,0.436,0.439,0.436,-2.123,-2.123,-2.119,-2.123,-2.121,-64.219,-3204.000
0.434,0.432,0.435,0.429,0.429,-2.123,-2.122,-2.119,-2.121,-2.120,-66.074,-3194.000
0.432,0.433,0.438,0.433,0.434,-2.121,-2.120,-2.122,-2.120,-2.122,-66.074,-3184.000
0.426,0.437,0.436,0.438,0.435,-2.122,-2.121,-2.121,-2.119,-2.122,-66.074,-3174.000
0.433,0.435,0.435,0.432,0.438,-2.121,-2.120,-2.121,-2.119,-2.120,-66.074,-3164.000
0.435,0.439,0.429,0.439,0.430,-2.122,-2.122,-2.122,-2.121,-2.119,-66.377,-3154.000
0.434,0.435,0.434,0.437,0.430,-2.120,-2.121,-2.121,-2.122,-2.123,-66.377,-3144.000
0.428,0.439,0.434,0.429,0.432,-2.120,-2.121,-2.120,-2.122,-2.121,-66.377,-3134.000
0.433,0.439,0.431,0.425,0.437,-2.120,-2.122,-2.122,-2.123,-2.122,-66.377,-3124.000
0.435,0.434,0.431,0.430,0.438,-2.122,-2.120,-2.121,-2.121,-2.120,-66.396,-3114.000
0.430,0.438,0.433,0.433,0.433,-2.120,-2.124,-2.121,-2.119,-2.123,-66.396,-3104.000
0.436,0.436,0.435,0.432,0.431,-2.121,-2.117,-2.120,-2.120,-2.121,-66.396,-3094.000
0.440,0.435,0.436,0.432,0.432,-2.121,-2.120,-2.119,-2.119,-2.121,-66.396,-3084.000
0.436,0.431,0.432,0.439,0.430,-2.120,-2.122,-2.122,-2.119,-2.120,-65.229,-3074.000
0.432,0.434,0.437,0.431,0.437,-2.120,-2.121,-2.121,-2.120,-2.121,-65.229,-3064.000
0.431,0.432,0.431,0.433,0.439,-2.120,-2.120,-2.121,-2.119,-2.121,-65.229,-3054.000
0.435,0.437,0.436,0.437,0.438,-2.120,-2.118,-2.122,-2.120,-2.120,-65.229,-3044.000
0.432,0.433,0.436,0.433,0.434,-2.123,-2.119,-2.120,-2.120,-2.120,-65.215,-3034.000
0.441,0.431,0.428,0.438,0.430,-2.120,-2.121,-2.120,-2.120,-2.122,-65.215,-3024.000
0.433,0.435,0.437,0.432,0.431,-2.120,-2.119,-2.118,-2.118,-2.120,-65.215,-3014.000
0.432,0.438,0.439,0.430,0.439,-2.121,-2.117,-2.120,-2.120,-2.120,-65.215,-3004.000
0.431,0.437,0.434,0.430,0.431,-2.120,-2.122,-2.120,-2.121,-2.122,-65.703,-2994.000
0.427,0.440,0.438,0.428,0.436,-2.121,-2.120,-2.118,-2.120,-2.119,-65.703,-2984.000
0.432,0.434,0.439,0.433,0.437,-2.119,-2.118,-2.120,-2.119,-2.120,-65.703,-2974.000
0.430,0.433,0.437,0.433,0.438,-2.121,-2.120,-2.120,-2.118,-2.120,-65.703,-2964.000
0.431,0.431,0.436,0.437,0.431,-2.117,-2.118,-2.120,-2.120,-2.118,-64.712,-2954.000
0.432,0.430,0.434,0.438,0.437,-2.121,-2.119,-2.120,-2.119,-2.119,-64.712,-2944.000
0.429,0.439,0.430,0.436,0.431,-2.120,-2.120,-2.120,-2.119,-2.121,-64.712,-2934.000
0.436,0.435,0.428,0.431,0.430,-2.118,-2.121,-2.120,-2.121,-2.122,-64.712,-2924.000
0.433,0.435,0.432,0.437,0.438,-2.118,-2.119,-2.121,-2.120,-2.120,-65.459,-2914.000
0.437,0.435,0.433,0.435,0.434,-2.120,-2.118,-2.120,-2.121,-2.119,-65.459,-2904.000
0.434,0.439,0.430,0.432,0.438,-2.120,-2.120,-2.120,-2.119,-2.120,-65.459,-2894.000
0.429,0.434,0.431,0.438,0.438,-2.119,-2.119,-2.120,-2.121,-2.120,-65.459,-2884.000
0.432,0.427,0.432,0.436,0.432,-2.118,-2.120,-2.118,-2.119,-2.119,-65.815,-2874.000
0.438,0.433,0.435,0.429,0.437,-2.120,-2.122,-2.118,-2.119,-2.118,-65.815,-2864.000
0.439,0.432,0.436,0.429,0.437,-2.117,-2.121,-2.120,-2.117,-2.118,-65.815,-2854.000
0.436,0.434,0.431,0.431,0.439,-2.120,-2.119,-2.120,-2.119,-2.118,-65.815,-2844.000
0.436,0.431,0.432,0.428,0.433,-2.120,-2.118,-2.119,-2.120,-2.118,-65.371,-2834.000
0.440,0.433,0.433,0.439,0.435,-2.118,-2.118,-2.118,-2.119,-2.119,-65.371,-2824.000
0.434,0.430,0.438,0.431,0.437,-2.118,-2.120,-2.118,-2.120,-2.119,-65.371,-2814.000
0.432,0.432,0.433,0.432,0.441,-2.119,-2.118,-2.119,-2.119,-2.118,-65.371,-2804.000
0.438,0.431,0.430,0.439,0.430,-2.117,-2.118,-2.117,-2.120,-2.119,-65.503,-2794.000
0.433,0.435,0.435,0.437,0.434,-2.119,-2.118,-2.119,-2.119,-2.119,-65.503,-2784.000
0.433,0.433,0.436,0.436,0.435,-2.119,-2.122,-2.121,-2.119,-2.119,-65.503,-2774.000
0.438,0.433,0.429,0.428,0.434,-2.119,-2.121,-2.117,-2.119,-2.119,-65.503,-2764.000
0.433,0.429,0.435,0.431,0.439,-2.119,-2.120,-2.119,-2.118,-2.117,-66.299,-2754.000
0.431,0.435,0.431,0.429,0.431,-2.119,-2.117,-2.119,-2.119,-2.119,-66.299,-2744.000
0.432,0.434,0.429,0.434,0.433,-2.117,-2.118,-2.118,-2.118,-2.117,-66.299,-2734.000
0.433,0.445,0.432,0.438,0.442,-2.120,-2.119,-2.118,-2.120,-2.119,-66.299,-2724.000
0.429,0.435,0.436,0.439,0.435,-2.119,-2.117,-2.119,-2.119,-2.120,-65.190,-2714.000
0.437,0.436,0.432,0.433,0.432,-2.117,-2.119,-2.118,-2.120,-2.117,-65.190,-2704.000
0.437,0.432,0.439,0.437,0.432,-2.117,-2.119,-2.120,-2.120,-2.120,-65.190,-2694.000
0.436,0.434,0.434,0.437,0.430,-2.120,-2.120,-2.117,-2.119,-2.120,-65.190,-2684.000
0.437,0.437,0.437,0.435,0.436,-2.119,-2.119,-2.117,-2.119,-2.119,-64.497,-2674.000
0.434,0.433,0.439,0.431,0.436,-2.117,-2.117,-2.116,-2.117,-2.120,-64.497,-2664.000
0.432,0.431,0.440,0.435,0.433,-2.119,-2.118,-2.118,-2.118,-2.118,-64.497,-2654.000
0.437,0.435,0.441,0.431,0.434,-2.117,-2.118,-2.118,-2.117,-2.117,-64.497,-2644.000
0.432,0.435,0.429,0.433,0.436,-2.117,-2.119,-2.119,-2.119,-2.119,-65.132,-2634.000
0.434,0.431,0.437,0.438,0.432,-2.118,-2.119,-2.118,-2.119,-2.118,-65.132,-2624.000
0.438,0.432,0.436,0.438,0.432,-2.117,-2.117,-2.118,-2.117,-2.117,-65.132,-2614.000
0.432,0.433,0.435,0.436,0.433,-2.120,-2.119,-2.118,-2.118,-2.117,-65.132,-2604.000
0.434,0.442,0.430,0.433,0.433,-2.119,-2.118,-2.117,-2.117,-2.117,-65.356,-2594.000
0.434,0.433,0.432,0.434,0.429,-2.116,-2.115,-2.116,-2.117,-2.117,-65.356,-2584.000
0.442,0.435,0.438,0.430,0.437,-2.119,-2.116,-2.118,-2.118,-2.117,-65.356,-2574.000
0.431,0.433,0.440,0.431,0.433,-2.119,-2.117,-2.117,-2.117,-2.117,-65.356,-2564.000
0.433,0.437,0.430,0.436,0.433,-2.118,-2.118,-2.118,-2.116,-2.117,-65.732,-2554.000
0.434,0.435,0.438,0.436,0.430,-2.117,-2.117,-2.116,-2.117,-2.121,-65.732,-2544.000
0.436,0.433,0.431,0.444,0.432,-2.118,-2.119,-2.118,-2.116,-2.117,-65.732,-2534.000
0.435,0.428,0.435,0.429,0.437,-2.117,-2.116,-2.118,-2.117,-2.119,-65.732,-2524.000
0.433,0.437,0.430,0.435,0.435,-2.117,-2.118,-2.117,-2.116,-2.118,-65.059,-2514.000
0.443,0.437,0.436,0.439,0.436,-2.117,-2.115,-2.114,-2.115,-2.117,-65.059,-2504.000
0.427,0.433,0.433,0.436,0.432,-2.117,-2.117,-2.118,-2.117,-2.118,-65.059,-2494.000
0.435,0.439,0.435,0.434,0.436,-2.116,-2.116,-2.117,-2.115,-2.116,-65.059,-2484.000
0.431,0.429,0.435,0.439,0.432,-2.116,-2.116,-2.118,-2.119,-2.120,-65.713,-2474.000
0.431,0.437,0.437,0.435,0.440,-2.118,-2.116,-2.117,-2.117,-2.115,-65.713,-2464.000
0.435,0.436,0.438,0.434,0.435,-2.118,-2.117,-2.116,-2.117,-2.116,-65.713,-2454.000
0.437,0.438,0.435,0.435,0.434,-2.117,-2.116,-2.117,-2.116,-2.116,-65.713,-2444.000
0.437,0.431,0.439,0.438,0.436,-2.118,-2.117,-2.116,-2.117,-2.116,-66.138,-2434.000
0.429,0.434,0.432,0.435,0.436,-2.116,-2.115,-2.118,-2.118,-2.117,-66.138,-2424.000
0.432,0.436,0.442,0.436,0.439,-2.118,-2.118,-2.117,-2.118,-2.117,-66.138,-2414.000
0.433,0.433,0.439,0.432,0.432,-2.115,-2.115,-2.113,-2.115,-2.116,-66.138,-2404.000
0.436,0.433,0.429,0.438,0.434,-2.116,-2.118,-2.117,-2.119,-2.118,-66.099,-2394.000
0.434,0.437,0.434,0.438,0.436,-2.118,-2.116,-2.118,-2.117,-2.116,-66.099,-2384.000
0.434,0.437,0.436,0.434,0.437,-2.115,-2.117,-2.116,-2.116,-2.117,-66.099,-2374.000
0.435,0.435,0.436,0.438,0.436,-2.116,-2.116,-2.117,-2.117,-2.118,-66.099,-2364.000
0.436,0.435,0.437,0.432,0.436,-2.117,-2.115,-2.116,-2.117,-2.118,-64.360,-2354.000
0.434,0.435,0.436,0.432,0.429,-2.119,-2.116,-2.117,-2.117,-2.117,-64.360,-2344.000
0.434,0.435,0.437,0.430,0.436,-2.118,-2.117,-2.116,-2.117,-2.117,-64.360,-2334.000
0.437,0.440,0.433,0.438,0.437,-2.115,-2.116,-2.117,-2.117,-2.115,-65.732,-2324.000
0.433,0.439,0.435,0.436,0.435,-2.116,-2.117,-2.117,-2.117,-2.115,-65.732,-2314.000
0.433,0.435,0.433,0.436,0.437,-2.118,-2.116,-2.116,-2.117,-2.116,-65.732,-2304.000
0.433,0.441,0.433,0.435,0.435,-2.117,-2.116,-2.117,-2.118,-2.117,-65.342,-2294.000
0.436,0.434,0.435,0.436,0.434,-2.116,-2.116,-2.117,-2.117,-2.116,-65.342,-2284.000
0.434,0.438,0.438,0.433,0.435,-2.116,-2.116,-2.115,-2.118,-2.118,-65.342,-2274.000
0.435,0.436,0.440,0.434,0.436,-2.116,-2.118,-2.115,-2.116,-2.116,-65.342,-2264.000
0.433,0.434,0.438,0.434,0.433,-2.115,-2.116,-2.116,-2.115,-2.115,-67.632,-2254.000
0.431,0.440,0.437,0.435,0.433,-2.115,-2.116,-2.115,-2.116,-2.117,-67.632,-2244.000
0.437,0.430,0.439,0.439,0.431,-2.115,-2.116,-2.115,-2.116,-2.116,-67.632,-2234.000
0.435,0.434,0.435,0.437,0.437,-2.114,-2.117,-2.116,-2.115,-2.115,-67.632,-2224.000
0.441,0.438,0.430,0.433,0.434,-2.115,-2.117,-2.115,-2.114,-2.113,-65.410,-2214.000
0.435,0.434,0.432,0.434,0.432,-2.117,-2.116,-2.116,-2.115,-2.116,-65.410,-2204.000
0.435,0.436,0.440,0.435,0.432,-2.114,-2.115,-2.118,-2.116,-2.115,-65.410,-2194.000
0.439,0.434,0.435,0.436,0.439,-2.116,-2.113,-2.115,-2.115,-2.116,-65.410,-2184.000
0.438,0.433,0.435,0.437,0.437,-2.116,-2.115,-2.116,-2.116,-2.115,-66.152,-2174.000
0.435,0.437,0.440,0.437,0.433,-2.118,-2.115,-2.116,-2.115,-2.117,-66.152,-2164.000
0.431,0.437,0.437,0.434,0.433,-2.114,-2.114,-2.116,-2.115,-2.114,-66.152,-2154.000
0.439,0.439,0.437,0.434,0.435,-2.117,-2.115,-2.115,-2.116,-2.115,-66.152,-2144.000
0.435,0.438,0.437,0.434,0.434,-2.116,-2.115,-2.114,-2.115,-2.115,-64.443,-2134.000
0.433,0.434,0.436,0.438,0.436,-2.113,-2.114,-2.114,-2.115,-2.115,-64.443,-2124.000
0.437,0.438,0.433,0.433,0.437,-2.114,-2.113,-2.115,-2.115,-2.115,-64.443,-2114.000
0.438,0.427,0.435,0.433,0.427,-2.114,-2.115,-2.115,-2.114,-2.116,-64.443,-2104.000
0.433,0.443,0.435,0.434,0.433,-2.116,-2.115,-2.115,-2.115,-2.115,-65.244,-2094.000
0.430,0.437,0.440,0.433,0.437,-2.115,-2.114,-2.114,-2.114,-2.115,-65.244,-2084.000
0.436,0.432,0.433,0.439,0.435,-2.115,-2.115,-2.113,-2.114,-2.114,-65.244,-2074.000
0.432,0.436,0.433,0.439,0.435,-2.118,-2.116,-2.115,-2.116,-2.115,-65.244,-2064.000
0.437,0.438,0.434,0.436,0.433,-2.113,-2.115,-2.117,-2.114,-2.113,-66.689,-2054.000
0.440,0.435,0.438,0.434,0.435,-2.113,-2.112,-2.112,-2.114,-2.116,-66.689,-2044.000
0.432,0.437,0.433,0.436,0.436,-2.115,-2.114,-2.114,-2.116,-2.112,-66.689,-2034.000
0.433,0.437,0.431,0.437,0.432,-2.114,-2.115,-2.115,-2.114,-2.114,-66.689,-2024.000
0.432,0.433,0.427,0.433,0.438,-2.114,-2.115,-2.115,-2.113,-2.114,-65.791,-2014.000
0.437,0.436,0.437,0.436,0.433,-2.114,-2.111,-2.114,-2.114,-2.113,-65.791,-2004.000
0.434,0.431,0.439,0.435,0.436,-2.113,-2.114,-2.113,-2.116,-2.116,-65.791,-1994.000
0.439,0.438,0.436,0.433,0.435,-2.114,-2.113,-2.115,-2.113,-2.111,-65.791,-1984.000
0.431,0.441,0.436,0.439,0.434,-2.113,-2.115,-2.112,-2.116,-2.114,-64.805,-1974.000
0.440,0.439,0.435,0.437,0.439,-2.115,-2.112,-2.112,-2.113,-2.113,-64.805,-1964.000
0.443,0.434,0.432,0.430,0.440,-2.113,-2.116,-2.112,-2.112,-2.113,-64.805,-1954.000
0.431,0.437,0.433,0.430,0.438,-2.112,-2.116,-2.115,-2.113,-2.114,-64.805,-1944.000
0.439,0.438,0.436,0.440,0.435,-2.113,-2.113,-2.114,-2.115,-2.115,-65.190,-1934.000
0.431,0.434,0.437,0.430,0.434,-2.113,-2.115,-2.113,-2.114,-2.113,-65.190,-1924.000
0.442,0.432,0.432,0.442,0.434,-2.114,-2.113,-2.114,-2.112,-2.114,-65.190,-1914.000
0.433,0.437,0.436,0.432,0.441,-2.115,-2.114,-2.115,-2.114,-2.114,-65.190,-1904.000
0.431,0.434,0.434,0.440,0.434,-2.114,-2.114,-2.114,-2.112,-2.114,-67.256,-1894.000
0.433,0.436,0.437,0.434,0.436,-2.113,-2.113,-2.113,-2.113,-2.113,-67.256,-1884.000
0.438,0.433,0.434,0.439,0.435,-2.113,-2.115,-2.114,-2.114,-2.114,-67.256,-1874.000
0.430,0.433,0.442,0.437,0.432,-2.114,-2.114,-2.115,-2.113,-2.113,-67.256,-1864.000
0.434,0.433,0.439,0.433,0.438,-2.112,-2.113,-2.115,-2.113,-2.110,-65.259,-1854.000
0.437,0.431,0.439,0.433,0.439,-2.113,-2.113,-2.114,-2.113,-2.112,-65.259,-1844.000
0.439,0.433,0.435,0.433,0.441,-2.112,-2.114,-2.113,-2.115,-2.113,-65.259,-1834.000
0.434,0.435,0.435,0.438,0.436,-2.111,-2.112,-2.113,-2.112,-2.111,-65.259,-1824.000
0.433,0.441,0.435,0.436,0.436,-2.113,-2.113,-2.114,-2.113,-2.112,-65.605,-1814.000
0.435,0.436,0.438,0.433,0.433,-2.113,-2.114,-2.112,-2.113,-2.113,-65.605,-1804.000
0.431,0.439,0.437,0.440,0.439,-2.112,-2.112,-2.113,-2.113,-2.112,-65.605,-1794.000
0.442,0.431,0.436,0.434,0.438,-2.112,-2.112,-2.112,-2.114,-2.112,-65.605,-1784.000
0.436,0.436,0.436,0.441,0.435,-2.115,-2.114,-2.111,-2.113,-2.115,-64.839,-1774.000
0.435,0.434,0.439,0.434,0.434,-2.114,-2.113,-2.113,-2.113,-2.113,-64.839,-1764.000
0.430,0.437,0.435,0.439,0.431,-2.112,-2.113,-2.110,-2.115,-2.113,-64.839,-1754.000
0.438,0.432,0.440,0.434,0.436,-2.114,-2.113,-2.113,-2.112,-2.114,-64.839,-1744.000
0.437,0.434,0.437,0.431,0.441,-2.114,-2.113,-2.112,-2.112,-2.113,-65.518,-1734.000
0.436,0.434,0.438,0.436,0.431,-2.113,-2.114,-2.114,-2.111,-2.112,-65.518,-1724.000
0.438,0.440,0.430,0.440,0.431,-2.111,-2.110,-2.112,-2.112,-2.112,-65.518,-1714.000
0.439,0.435,0.430,0.435,0.434,-2.113,-2.112,-2.112,-2.112,-2.113,-65.518,-1704.000
0.437,0.433,0.434,0.430,0.438,-2.111,-2.114,-2.112,-2.113,-2.111,-66.191,-1694.000
0.436,0.439,0.434,0.433,0.436,-2.112,-2.112,-2.112,-2.113,-2.113,-66.191,-1684.000
0.439,0.436,0.435,0.435,0.437,-2.112,-2.112,-2.112,-2.113,-2.113,-66.191,-1674.000
0.434,0.437,0.436,0.438,0.439,-2.114,-2.114,-2.114,-2.111,-2.112,-66.191,-1664.000
0.432,0.440,0.430,0.437,0.438,-2.113,-2.112,-2.113,-2.113,-2.113,-64.326,-1654.000
0.429,0.436,0.435,0.438,0.438,-2.112,-2.113,-2.112,-2.112,-2.113,-64.326,-1644.000
0.435,0.435,0.437,0.435,0.438,-2.112,-2.112,-2.112,-2.111,-2.113,-64.326,-1634.000
0.433,0.436,0.437,0.435,0.439,-2.112,-2.114,-2.110,-2.112,-2.112,-64.326,-1624.000
0.435,0.440,0.436,0.435,0.437,-2.111,-2.111,-2.111,-2.112,-2.112,-65.215,-1614.000
0.432,0.437,0.440,0.429,0.431,-2.111,-2.111,-2.112,-2.112,-2.111,-65.215,-1604.000
0.434,0.430,0.439,0.442,0.435,-2.110,-2.112,-2.112,-2.110,-2.109,-65.215,-1594.000
0.432,0.436,0.433,0.438,0.436,-2.111,-2.110,-2.111,-2.111,-2.111,-65.215,-1584.000
0.437,0.434,0.436,0.437,0.437,-2.112,-2.113,-2.110,-2.112,-2.112,-64.580,-1574.000
0.433,0.431,0.432,0.435,0.438,-2.110,-2.111,-2.110,-2.111,-2.112,-64.580,-1564.000
0.435,0.437,0.439,0.440,0.433,-2.111,-2.111,-2.113,-2.112,-2.111,-64.580,-1554.000
0.437,0.438,0.439,0.433,0.440,-2.113,-2.110,-2.112,-2.111,-2.113,-64.580,-1544.000
0.432,0.439,0.431,0.438,0.436,-2.110,-2.112,-2.111,-2.110,-2.111,-65.767,-1534.000
0.437,0.431,0.439,0.440,0.432,-2.111,-2.111,-2.112,-2.111,-2.110,-65.767,-1524.000
0.436,0.430,0.430,0.436,0.432,-2.109,-2.111,-2.111,-2.110,-2.111,-65.767,-1514.000
0.435,0.435,0.442,0.431,0.433,-2.112,-2.111,-2.111,-2.111,-2.112,-65.767,-1504.000
0.433,0.441,0.437,0.437,0.434,-2.111,-2.110,-2.110,-2.111,-2.110,-64.126,-1494.000
0.430,0.434,0.434,0.431,0.434,-2.109,-2.111,-2.110,-2.111,-2.112,-64.126,-1484.000
0.438,0.440,0.434,0.438,0.434,-2.109,-2.109,-2.110,-2.111,-2.110,-64.126,-1474.000
0.437,0.437,0.438,0.434,0.433,-2.112,-2.111,-2.110,-2.111,-2.110,-64.126,-1464.000
0.435,0.437,0.435,0.435,0.435,-2.113,-2.110,-2.111,-2.111,-2.110,-65.293,-1454.000
0.435,0.434,0.435,0.432,0.439,-2.110,-2.110,-2.112,-2.111,-2.111,-65.293,-1444.000
0.435,0.437,0.438,0.437,0.434,-2.111,-2.111,-2.110,-2.110,-2.112,-65.293,-1434.000
0.439,0.436,0.437,0.437,0.439,-2.110,-2.112,-2.112,-2.110,-2.112,-65.293,-1424.000
0.429,0.437,0.438,0.436,0.436,-2.110,-2.111,-2.110,-2.110,-2.110,-65.254,-1414.000
0.439,0.437,0.435,0.439,0.439,-2.111,-2.110,-2.111,-2.111,-2.109,-65.254,-1404.000
0.441,0.426,0.441,0.433,0.437,-2.112,-2.112,-2.109,-2.110,-2.110,-65.254,-1394.000
0.438,0.435,0.435,0.434,0.437,-2.110,-2.110,-2.110,-2.110,-2.110,-65.254,-1384.000
0.438,0.437,0.432,0.432,0.435,-2.112,-2.110,-2.110,-2.112,-2.111,-64.751,-1374.000
0.431,0.434,0.433,0.441,0.432,-2.110,-2.111,-2.111,-2.109,-2.110,-64.751,-1364.000
0.436,0.439,0.433,0.433,0.436,-2.111,-2.110,-2.109,-2.110,-2.109,-64.751,-1354.000
0.435,0.442,0.436,0.431,0.436,-2.111,-2.110,-2.110,-2.110,-2.110,-64.751,-1344.000
0.434,0.440,0.436,0.434,0.442,-2.110,-2.110,-2.110,-2.108,-2.110,-64.771,-1334.000
0.440,0.432,0.435,0.436,0.443,-2.109,-2.110,-2.109,-2.110,-2.109,-64.771,-1324.000
0.435,0.432,0.440,0.434,0.435,-2.109,-2.110,-2.111,-2.109,-2.111,-64.771,-1314.000
0.433,0.434,0.433,0.437,0.433,-2.109,-2.109,-2.112,-2.111,-2.109,-64.771,-1304.000
0.433,0.436,0.438,0.433,0.434,-2.109,-2.110,-2.110,-2.109,-2.110,-65.317,-1294.000
0.437,0.434,0.434,0.436,0.439,-2.110,-2.111,-2.111,-2.110,-2.109,-65.317,-1284.000
0.437,0.435,0.437,0.432,0.441,-2.109,-2.109,-2.112,-2.110,-2.110,-65.317,-1274.000
0.442,0.435,0.437,0.441,0.432,-2.108,-2.111,-2.110,-2.110,-2.110,-65.317,-1264.000
0.431,0.443,0.431,0.439,0.432,-2.109,-2.109,-2.109,-2.110,-2.110,-64.702,-1254.000
0.434,0.439,0.440,0.436,0.440,-2.108,-2.110,-2.109,-2.109,-2.111,-64.702,-1244.000
0.440,0.435,0.439,0.438,0.431,-2.109,-2.110,-2.110,-2.109,-2.109,-64.702,-1234.000
0.437,0.435,0.437,0.439,0.430,-2.109,-2.108,-2.108,-2.110,-2.108,-64.702,-1224.000
0.438,0.434,0.438,0.438,0.434,-2.109,-2.112,-2.109,-2.110,-2.111,-67.490,-1214.000
0.430,0.437,0.437,0.435,0.438,-2.111,-2.109,-2.109,-2.109,-2.109,-67.490,-1204.000
0.443,0.442,0.434,0.431,0.440,-2.108,-2.108,-2.108,-2.108,-2.108,-67.490,-1194.000
0.436,0.429,0.435,0.432,0.436,-2.109,-2.106,-2.109,-2.108,-2.109,-67.490,-1184.000
0.434,0.432,0.434,0.437,0.442,-2.110,-2.109,-2.109,-2.109,-2.109,-64.956,-1174.000
0.439,0.433,0.436,0.438,0.436,-2.109,-2.109,-2.108,-2.108,-2.106,-64.956,-1164.000
0.425,0.442,0.438,0.440,0.427,-2.108,-2.109,-2.110,-2.110,-2.109,-64.956,-1154.000
0.437,0.438,0.438,0.435,0.437,-2.109,-2.109,-2.110,-2.108,-2.108,-64.956,-1144.000
0.437,0.437,0.432,0.440,0.431,-2.108,-2.109,-2.108,-2.109,-2.108,-63.535,-1134.000
0.433,0.437,0.439,0.440,0.435,-2.109,-2.107,-2.109,-2.109,-2.110,-63.535,-1124.000
0.434,0.437,0.435,0.430,0.429,-2.110,-2.110,-2.109,-2.110,-2.109,-63.535,-1114.000
0.434,0.439,0.436,0.437,0.437,-2.108,-2.108,-2.110,-2.108,-2.109,-63.535,-1104.000
0.433,0.442,0.436,0.435,0.433,-2.109,-2.109,-2.109,-2.107,-2.109,-65.312,-1094.000
0.430,0.434,0.435,0.440,0.437,-2.110,-2.109,-2.108,-2.109,-2.108,-65.312,-1084.000
0.437,0.436,0.434,0.434,0.436,-2.107,-2.108,-2.109,-2.108,-2.107,-65.312,-1074.000
0.433,0.435,0.434,0.428,0.435,-2.108,-2.109,-2.110,-2.109,-2.106,-65.312,-1064.000
0.438,0.430,0.436,0.443,0.432,-2.108,-2.106,-2.108,-2.108,-2.107,-65.088,-1054.000
0.435,0.429,0.441,0.433,0.437,-2.109,-2.109,-2.109,-2.109,-2.107,-65.088,-1044.000
0.434,0.436,0.434,0.431,0.435,-2.108,-2.108,-2.110,-2.109,-2.110,-65.088,-1034.000
0.437,0.435,0.433,0.431,0.438,-2.109,-2.109,-2.108,-2.108,-2.109,-65.088,-1024.000
0.438,0.435,0.432,0.438,0.432,-2.108,-2.107,-2.108,-2.108,-2.108,-65.840,-1014.000
0.438,0.433,0.435,0.435,0.435,-2.109,-2.107,-2.108,-2.107,-2.109,-65.840,-1004.000
0.432,0.436,0.437,0.428,0.440,-2.108,-2.107,-2.109,-2.109,-2.109,-65.840,-994.000
0.434,0.437,0.431,0.436,0.433,-2.109,-2.109,-2.109,-2.109,-2.109,-65.840,-984.000
0.435,0.434,0.432,0.437,0.430,-2.109,-2.107,-2.108,-2.106,-2.107,-64.639,-974.000
0.433,0.434,0.435,0.432,0.432,-2.107,-2.107,-2.108,-2.106,-2.108,-64.639,-964.000
0.431,0.432,0.436,0.432,0.438,-2.109,-2.109,-2.108,-2.109,-2.108,-64.639,-954.000
0.434,0.435,0.433,0.433,0.433,-2.108,-2.107,-2.107,-2.106,-2.108,-64.639,-944.000
0.434,0.440,0.435,0.438,0.430,-2.108,-2.109,-2.108,-2.108,-2.107,-64.331,-934.000
0.429,0.431,0.436,0.434,0.438,-2.108,-2.108,-2.109,-2.107,-2.107,-64.331,-924.000
0.430,0.428,0.429,0.436,0.434,-2.108,-2.107,-2.106,-2.107,-2.108,-64.331,-914.000
0.435,0.432,0.436,0.433,0.431,-2.107,-2.107,-2.106,-2.106,-2.107,-64.331,-904.000
0.430,0.430,0.432,0.431,0.434,-2.107,-2.109,-2.109,-2.108,-2.106,-66.143,-894.000
0.429,0.435,0.430,0.435,0.435,-2.108,-2.109,-2.106,-2.106,-2.108,-66.143,-884.000
0.434,0.431,0.435,0.434,0.434,-2.106,-2.108,-2.106,-2.109,-2.107,-66.143,-874.000
0.432,0.433,0.433,0.435,0.430,-2.107,-2.105,-2.108,-2.107,-2.107,-66.143,-864.000
0.431,0.431,0.430,0.434,0.432,-2.105,-2.105,-2.106,-2.106,-2.107,-65.151,-854.000
0.432,0.427,0.430,0.426,0.432,-2.108,-2.109,-2.107,-2.109,-2.107,-65.151,-844.000
0.427,0.430,0.426,0.433,0.434,-2.107,-2.107,-2.109,-2.108,-2.110,-65.151,-834.000
0.434,0.426,0.435,0.429,0.424,-2.109,-2.107,-2.106,-2.107,-2.107,-65.151,-824.000
0.425,0.433,0.422,0.432,0.425,-2.104,-2.108,-2.106,-2.106,-2.105,-64.434,-814.000
0.424,0.432,0.435,0.432,0.435,-2.105,-2.109,-2.106,-2.106,-2.106,-64.434,-804.000
0.428,0.428,0.429,0.427,0.424,-2.107,-2.107,-2.107,-2.107,-2.107,-64.434,-794.000
0.425,0.420,0.424,0.430,0.420,-2.107,-2.107,-2.107,-2.106,-2.106,-64.434,-784.000
0.424,0.425,0.427,0.427,0.421,-2.106,-2.107,-2.106,-2.106,-2.107,-64.878,-774.000
0.424,0.425,0.422,0.424,0.417,-2.106,-2.107,-2.107,-2.106,-2.105,-64.878,-764.000
0.422,0.421,0.421,0.429,0.426,-2.105,-2.107,-2.107,-2.106,-2.106,-64.878,-754.000
0.420,0.419,0.420,0.421,0.417,-2.107,-2.105,-2.107,-2.107,-2.105,-64.878,-744.000
0.416,0.415,0.420,0.418,0.421,-2.106,-2.105,-2.107,-2.104,-2.107,-64.731,-734.000
0.421,0.411,0.418,0.415,0.410,-2.106,-2.107,-2.106,-2.107,-2.106,-64.731,-724.000
0.411,0.414,0.413,0.418,0.415,-2.106,-2.107,-2.108,-2.105,-2.106,-64.731,-714.000
0.410,0.418,0.411,0.410,0.408,-2.108,-2.107,-2.105,-2.105,-2.107,-64.731,-704.000
0.412,0.411,0.411,0.410,0.406,-2.106,-2.105,-2.106,-2.107,-2.106,-66.050,-694.000
0.408,0.401,0.404,0.406,0.411,-2.105,-2.108,-2.107,-2.108,-2.107,-66.050,-684.000
0.401,0.399,0.399,0.404,0.405,-2.107,-2.106,-2.107,-2.105,-2.105,-66.050,-674.000
0.402,0.397,0.406,0.391,0.400,-2.106,-2.105,-2.106,-2.106,-2.106,-66.050,-664.000
0.391,0.389,0.390,0.395,0.388,-2.106,-2.105,-2.105,-2.104,-2.106,-68.491,-654.000
0.389,0.384,0.390,0.388,0.391,-2.106,-2.106,-2.107,-2.107,-2.105,-68.491,-644.000
0.383,0.380,0.379,0.378,0.388,-2.105,-2.107,-2.105,-2.107,-2.107,-68.491,-634.000
0.381,0.376,0.374,0.377,0.382,-2.107,-2.104,-2.105,-2.106,-2.105,-68.491,-624.000
0.371,0.372,0.370,0.375,0.367,-2.107,-2.106,-2.104,-2.105,-2.105,-66.992,-614.000
0.362,0.365,0.359,0.364,0.360,-2.104,-2.106,-2.104,-2.105,-2.106,-66.992,-604.000
0.356,0.354,0.355,0.357,0.359,-2.104,-2.105,-2.103,-2.103,-2.106,-66.992,-594.000
0.346,0.346,0.341,0.345,0.338,-2.105,-2.105,-2.107,-2.104,-2.105,-66.992,-584.000
0.343,0.336,0.338,0.339,0.340,-2.106,-2.104,-2.105,-2.105,-2.104,-65.532,-574.000
0.327,0.331,0.336,0.329,0.332,-2.104,-2.106,-2.105,-2.107,-2.106,-65.532,-564.000
0.319,0.322,0.316,0.318,0.319,-2.105,-2.104,-2.107,-2.106,-2.105,-65.532,-554.000
0.308,0.306,0.306,0.308,0.307,-2.105,-2.106,-2.104,-2.106,-2.106,-65.532,-544.000
0.299,0.302,0.295,0.296,0.301,-2.105,-2.105,-2.105,-2.106,-2.104,-64.883,-534.000
0.292,0.287,0.280,0.296,0.278,-2.104,-2.105,-2.105,-2.105,-2.105,-64.883,-524.000
0.277,0.271,0.269,0.268,0.275,-2.105,-2.106,-2.105,-2.105,-2.106,-64.883,-514.000
0.262,0.264,0.264,0.257,0.259,-2.105,-2.105,-2.105,-2.105,-2.106,-64.883,-504.000
0.255,0.244,0.263,0.244,0.242,-2.105,-2.105,-2.105,-2.104,-2.106,-66.694,-494.000
0.239,0.235,0.232,0.237,0.237,-2.103,-2.105,-2.107,-2.105,-2.105,-66.694,-484.000
0.227,0.224,0.225,0.220,0.225,-2.105,-2.105,-2.105,-2.106,-2.104,-66.694,-474.000
0.212,0.207,0.214,0.216,0.206,-2.106,-2.105,-2.104,-2.106,-2.105,-66.694,-464.000
0.197,0.200,0.193,0.198,0.198,-2.104,-2.106,-2.103,-2.106,-2.106,-65.454,-454.000
0.188,0.180,0.185,0.183,0.182,-2.106,-2.106,-2.105,-2.106,-2.106,-65.454,-444.000
0.174,0.172,0.170,0.171,0.170,-2.105,-2.106,-2.105,-2.104,-2.106,-65.454,-434.000
0.158,0.165,0.157,0.159,0.163,-2.103,-2.103,-2.104,-2.103,-2.104,-65.454,-424.000
0.143,0.145,0.145,0.151,0.152,-2.102,-2.105,-2.103,-2.105,-2.102,-64.175,-414.000
0.133,0.129,0.132,0.131,0.138,-2.105,-2.105,-2.105,-2.105,-2.105,-64.175,-404.000
0.127,0.123,0.123,0.122,0.118,-2.105,-2.105,-2.105,-2.105,-2.105,-64.175,-394.000
0.111,0.114,0.111,0.108,0.117,-2.105,-2.106,-2.102,-2.102,-2.105,-64.175,-384.000
0.105,0.102,0.101,0.100,0.098,-2.104,-2.105,-2.102,-2.105,-2.106,-65.962,-374.000
0.094,0.090,0.088,0.092,0.092,-2.104,-2.105,-2.104,-2.106,-2.104,-65.962,-364.000
0.082,0.079,0.083,0.081,0.079,-2.105,-2.103,-2.104,-2.104,-2.104,-65.962,-354.000
0.073,0.073,0.074,0.078,0.070,-2.106,-2.103,-2.103,-2.105,-2.103,-65.962,-344.000
0.067,0.067,0.062,0.065,0.069,-2.105,-2.104,-2.105,-2.103,-2.104,-66.709,-334.000
0.054,0.065,0.054,0.060,0.059,-2.105,-2.106,-2.103,-2.103,-2.102,-66.709,-324.000
0.051,0.060,0.056,0.053,0.056,-2.105,-2.102,-2.103,-2.104,-2.105,-66.709,-314.000
0.044,0.047,0.044,0.048,0.046,-2.106,-2.105,-2.103,-2.104,-2.104,-66.709,-304.000
0.045,0.045,0.045,0.042,0.044,-2.105,-2.104,-2.105,-2.104,-2.105,-64.131,-294.000
0.041,0.033,0.038,0.034,0.040,-2.105,-2.105,-2.105,-2.105,-2.104,-64.131,-284.000
0.031,0.040,0.029,0.038,0.034,-2.104,-2.104,-2.103,-2.104,-2.102,-64.131,-274.000
0.028,0.027,0.027,0.035,0.032,-2.105,-2.102,-2.102,-2.104,-2.104,-64.131,-264.000
0.029,0.033,0.028,0.030,0.027,-2.105,-2.103,-2.103,-2.103,-2.105,-65.127,-254.000
0.027,0.027,0.023,0.031,0.026,-2.105,-2.103,-2.104,-2.102,-2.104,-65.127,-244.000
0.026,0.023,0.028,0.028,0.022,-2.105,-2.104,-2.104,-2.104,-2.103,-65.127,-234.000
0.020,0.021,0.022,0.018,0.023,-2.103,-2.102,-2.103,-2.103,-2.104,-65.127,-224.000
0.024,0.022,0.024,0.022,0.023,-2.103,-2.101,-2.104,-2.103,-2.103,-64.058,-214.000
0.015,0.019,0.027,0.019,0.018,-2.103,-2.104,-2.103,-2.104,-2.104,-64.058,-204.000
0.019,0.019,0.019,0.024,0.022,-2.104,-2.104,-2.102,-2.103,-2.104,-64.058,-194.000
0.017,0.018,0.014,0.016,0.017,-2.104,-2.103,-2.103,-2.103,-2.103,-64.058,-184.000
0.015,0.018,0.023,0.017,0.014,-2.103,-2.103,-2.103,-2.102,-2.101,-65.420,-174.000
0.024,0.023,0.018,0.016,0.015,-2.102,-2.103,-2.105,-2.103,-2.104,-65.420,-164.000
0.022,0.015,0.016,0.017,0.014,-2.103,-2.104,-2.104,-2.104,-2.104,-65.420,-154.000
0.016,0.012,0.018,0.015,0.015,-2.104,-2.102,-2.103,-2.103,-2.104,-65.420,-144.000
0.015,0.019,0.018,0.011,0.013,-2.102,-2.102,-2.102,-2.104,-2.102,-65.918,-134.000
0.019,0.019,0.015,0.016,0.017,-2.104,-2.105,-2.103,-2.103,-2.102,-65.918,-124.000
0.018,0.015,0.016,0.021,0.019,-2.104,-2.102,-2.102,-2.102,-2.102,-65.918,-114.000
0.015,0.015,0.017,0.017,0.018,-2.101,-2.104,-2.103,-2.104,-2.103,-65.918,-104.000
0.017,0.014,0.012,0.014,0.017,-2.104,-2.103,-2.102,-2.103,-2.103,-65.757,-94.000
0.013,0.013,0.015,0.015,0.013,-2.102,-2.102,-2.102,-2.102,-2.103,-65.757,-84.000
0.015,0.013,0.017,0.019,0.011,-2.103,-2.102,-2.102,-2.103,-2.103,-65.757,-74.000
0.016,0.020,0.018,0.015,0.014,-2.101,-2.105,-2.106,-2.103,-2.102,-65.757,-64.000
0.014,0.013,0.015,0.010,0.017,-2.102,-2.101,-2.104,-2.103,-2.101,-62.700,-54.000
0.010,0.013,0.014,0.016,0.016,-2.102,-2.102,-2.104,-2.102,-2.102,-62.700,-44.000
0.014,0.018,0.021,0.007,0.014,-2.102,-2.103,-2.102,-2.101,-2.101,-62.700,-34.000
0.014,0.017,0.008,0.022,0.016,-2.102,-2.099,-2.102,-2.100,-2.101,-62.700,-24.000
0.017,0.013,0.014,0.012,0.017,-2.102,-2.102,-2.101,-2.102,-2.102,-65.186,-14.000
0.014,0.013,0.016,0.011,0.016,-2.102,-2.102,-2.102,-2.104,-2.102,-65.186,-4.000
0.015,0.019,0.016,0.012,0.020,-2.102,-2.101,-2.104,-2.104,-2.102,-65.186,6.000
0.016,0.011,0.015,0.013,0.012,-2.104,-2.102,-2.101,-2.103,-2.102,-65.186,16.000
0.015,0.015,0.017,0.013,0.015,-2.104,-2.102,-2.101,-2.102,-2.101,-65.874,26.000
0.015,0.016,0.008,0.016,0.016,-2.102,-2.102,-2.103,-2.102,-2.102,-65.874,36.000
0.011,0.014,0.016,0.012,0.009,-2.101,-2.102,-2.102,-2.103,-2.104,-65.874,46.000
0.009,0.010,0.019,0.013,0.016,-2.104,-2.103,-2.102,-2.102,-2.101,-65.874,56.000
0.015,0.013,0.016,0.014,0.010,-2.103,-2.101,-2.104,-2.103,-2.103,-65.200,66.000
0.015,0.018,0.011,0.012,0.013,-2.101,-2.102,-2.102,-2.103,-2.102,-65.200,76.000
0.019,0.014,0.014,0.015,0.015,-2.104,-2.101,-2.100,-2.101,-2.102,-65.200,86.000
0.017,0.017,0.016,0.019,0.011,-2.100,-2.102,-2.102,-2.101,-2.102,-65.200,96.000
0.013,0.013,0.018,0.011,0.018,-2.101,-2.102,-2.101,-2.100,-2.102,-66.787,106.000
0.016,0.015,0.016,0.015,0.017,-2.101,-2.101,-2.102,-2.102,-2.101,-66.787,116.000
0.018,0.017,0.018,0.012,0.020,-2.100,-2.101,-2.103,-2.100,-2.102,-66.787,126.000
0.006,0.015,0.015,0.015,0.018,-2.099,-2.100,-2.102,-2.101,-2.100,-66.787,136.000
0.016,0.013,0.014,0.019,0.015,-2.099,-2.101,-2.102,-2.101,-2.103,-64.121,146.000
0.016,0.013,0.012,0.013,0.016,-2.100,-2.100,-2.102,-2.102,-2.099,-64.121,156.000
0.017,0.013,0.016,0.016,0.012,-2.102,-2.101,-2.101,-2.098,-2.102,-64.121,166.000
0.011,0.015,0.016,0.013,0.018,-2.100,-2.101,-2.100,-2.103,-2.102,-64.121,176.000
0.012,0.016,0.012,0.016,0.015,-2.102,-2.100,-2.102,-2.101,-2.103,-64.673,186.000
0.017,0.014,0.016,0.012,0.013,-2.100,-2.101,-2.101,-2.100,-2.099,-64.673,196.000
0.014,0.013,0.019,0.017,0.017,-2.099,-2.101,-2.100,-2.100,-2.101,-64.673,206.000
0.022,0.011,0.019,0.019,0.015,-2.101,-2.101,-2.102,-2.099,-2.100,-64.673,216.000
0.012,0.020,0.016,0.017,0.014,-2.100,-2.102,-2.099,-2.102,-2.101,-65.200,226.000
0.017,0.020,0.016,0.018,0.017,-2.101,-2.099,-2.102,-2.102,-2.098,-65.200,236.000
0.019,0.017,0.017,0.014,0.019,-2.101,-2.100,-2.100,-2.100,-2.102,-65.200,246.000
0.019,0.020,0.019,0.021,0.018,-2.101,-2.102,-2.101,-2.100,-2.100,-65.200,256.000
0.021,0.017,0.020,0.015,0.017,-2.099,-2.100,-2.101,-2.099,-2.101,-64.634,266.000
0.023,0.019,0.019,0.020,0.023,-2.098,-2.101,-2.100,-2.099,-2.100,-64.634,276.000
0.024,0.020,0.022,0.022,0.018,-2.100,-2.100,-2.098,-2.099,-2.100,-64.634,286.000
0.020,0.027,0.027,0.029,0.022,-2.101,-2.100,-2.100,-2.099,-2.100,-65.757,296.000
0.027,0.028,0.034,0.027,0.029,-2.100,-2.101,-2.101,-2.100,-2.101,-65.757,306.000
0.030,0.032,0.030,0.030,0.024,-2.099,-2.101,-2.100,-2.099,-2.101,-65.757,316.000
0.028,0.034,0.028,0.027,0.033,-2.102,-2.099,-2.100,-2.101,-2.100,-65.757,326.000
0.034,0.038,0.037,0.036,0.033,-2.101,-2.100,-2.100,-2.101,-2.100,-65.708,336.000
0.039,0.038,0.041,0.040,0.039,-2.100,-2.099,-2.099,-2.102,-2.100,-65.708,346.000
0.047,0.044,0.043,0.043,0.045,-2.100,-2.101,-2.101,-2.100,-2.099,-65.708,356.000
0.050,0.051,0.049,0.049,0.052,-2.101,-2.099,-2.100,-2.101,-2.099,-65.708,366.000
0.051,0.053,0.056,0.059,0.053,-2.098,-2.100,-2.101,-2.100,-2.099,-65.146,376.000
0.064,0.060,0.061,0.060,0.061,-2.101,-2.099,-2.100,-2.101,-2.100,-65.146,386.000
0.070,0.065,0.072,0.066,0.067,-2.099,-2.101,-2.099,-2.100,-2.099,-65.146,396.000
0.071,0.078,0.073,0.078,0.071,-2.099,-2.098,-2.098,-2.098,-2.100,-65.146,406.000
0.084,0.085,0.080,0.084,0.087,-2.099,-2.098,-2.100,-2.099,-2.100,-66.279,416.000
0.090,0.095,0.092,0.098,0.093,-2.100,-2.100,-2.101,-2.100,-2.099,-66.279,426.000
0.106,0.099,0.100,0.106,0.104,-2.101,-2.099,-2.101,-2.102,-2.098,-66.279,436.000
0.114,0.114,0.114,0.106,0.118,-2.100,-2.100,-2.099,-2.100,-2.099,-66.279,446.000
0.124,0.125,0.128,0.124,0.124,-2.099,-2.100,-2.099,-2.099,-2.097,-65.405,456.000
0.140,0.142,0.130,0.139,0.131,-2.099,-2.099,-2.100,-2.101,-2.099,-65.405,466.000
0.146,0.142,0.152,0.153,0.147,-2.100,-2.100,-2.100,-2.100,-2.101,-65.405,476.000
0.167,0.157,0.163,0.157,0.161,-2.099,-2.102,-2.100,-2.099,-2.099,-65.532,486.000
0.169,0.167,0.173,0.173,0.173,-2.100,-2.099,-2.099,-2.099,-2.099,-65.532,496.000
0.184,0.183,0.188,0.183,0.181,-2.098,-2.099,-2.099,-2.100,-2.099,-65.532,506.000
0.196,0.202,0.197,0.202,0.200,-2.099,-2.099,-2.099,-2.099,-2.100,-65.532,516.000
0.212,0.210,0.216,0.212,0.214,-2.101,-2.099,-2.100,-2.101,-2.100,-63.853,526.000
0.225,0.224,0.228,0.221,0.229,-2.101,-2.099,-2.098,-2.099,-2.098,-63.853,536.000
0.234,0.240,0.240,0.239,0.237,-2.098,-2.100,-2.097,-2.100,-2.100,-63.853,546.000
0.250,0.252,0.250,0.252,0.256,-2.101,-2.097,-2.099,-2.100,-2.099,-63.853,556.000
0.266,0.266,0.263,0.262,0.262,-2.098,-2.099,-2.101,-2.099,-2.098,-65.132,566.000
0.273,0.276,0.274,0.275,0.282,-2.099,-2.098,-2.099,-2.099,-2.098,-65.132,576.000
0.290,0.278,0.293,0.293,0.287,-2.099,-2.099,-2.100,-2.099,-2.099,-65.132,586.000
0.300,0.303,0.304,0.296,0.299,-2.100,-2.096,-2.100,-2.100,-2.100,-65.132,596.000
0.310,0.308,0.306,0.313,0.309,-2.099,-2.100,-2.100,-2.099,-2.098,-65.337,606.000
0.320,0.319,0.316,0.324,0.315,-2.100,-2.101,-2.099,-2.097,-2.099,-65.337,616.000
0.330,0.329,0.333,0.330,0.331,-2.100,-2.098,-2.098,-2.098,-2.097,-65.337,626.000
0.342,0.337,0.337,0.341,0.343,-2.100,-2.096,-2.099,-2.098,-2.097,-65.337,636.000
0.348,0.346,0.348,0.344,0.345,-2.098,-2.100,-2.099,-2.100,-2.099,-64.658,646.000
0.356,0.356,0.358,0.362,0.354,-2.097,-2.097,-2.100,-2.099,-2.099,-64.658,656.000
0.368,0.358,0.359,0.364,0.365,-2.099,-2.099,-2.097,-2.097,-2.099,-64.658,666.000
0.368,0.368,0.370,0.372,0.372,-2.098,-2.096,-2.098,-2.097,-2.097,-64.658,676.000
0.378,0.377,0.377,0.378,0.372,-2.098,-2.098,-2.099,-2.096,-2.097,-66.025,686.000
0.384,0.387,0.386,0.376,0.380,-2.098,-2.097,-2.100,-2.099,-2.099,-66.025,696.000
0.388,0.389,0.390,0.383,0.389,-2.097,-2.098,-2.100,-2.099,-2.097,-66.025,706.000
0.390,0.390,0.392,0.390,0.393,-2.098,-2.099,-2.098,-2.098,-2.097,-66.025,716.000
0.393,0.392,0.395,0.393,0.394,-2.099,-2.097,-2.100,-2.097,-2.097,-65.698,726.000
0.400,0.401,0.395,0.402,0.402,-2.099,-2.098,-2.100,-2.097,-2.099,-65.698,736.000
0.399,0.400,0.406,0.398,0.404,-2.099,-2.099,-2.096,-2.099,-2.099,-65.698,746.000
0.399,0.412,0.399,0.410,0.407,-2.099,-2.098,-2.099,-2.097,-2.099,-65.698,756.000
0.411,0.409,0.407,0.409,0.409,-2.097,-2.098,-2.099,-2.098,-2.098,-65.464,766.000
0.404,0.409,0.407,0.410,0.410,-2.098,-2.097,-2.097,-2.098,-2.100,-65.464,776.000
0.414,0.413,0.410,0.414,0.414,-2.097,-2.099,-2.098,-2.098,-2.097,-65.464,786.000
0.418,0.414,0.418,0.415,0.416,-2.097,-2.101,-2.099,-2.098,-2.097,-65.464,796.000
0.410,0.420,0.412,0.416,0.419,-2.099,-2.099,-2.098,-2.100,-2.098,-65.327,806.000
0.419,0.416,0.411,0.417,0.416,-2.097,-2.098,-2.096,-2.098,-2.097,-65.327,816.000
0.418,0.416,0.420,0.419,0.411,-2.098,-2.098,-2.101,-2.095,-2.098,-65.327,826.000
0.415,0.418,0.415,0.418,0.417,-2.099,-2.100,-2.098,-2.097,-2.097,-65.327,836.000
0.426,0.413,0.423,0.420,0.418,-2.098,-2.097,-2.098,-2.099,-2.099,-65.747,846.000
0.418,0.421,0.423,0.416,0.416,-2.099,-2.098,-2.098,-2.097,-2.096,-65.747,856.000
0.419,0.421,0.425,0.420,0.420,-2.098,-2.099,-2.097,-2.096,-2.095,-65.747,866.000
0.421,0.418,0.423,0.422,0.412,-2.097,-2.099,-2.097,-2.097,-2.097,-65.747,876.000
0.419,0.419,0.414,0.424,0.415,-2.097,-2.097,-2.097,-2.096,-2.097,-65.024,886.000
0.423,0.418,0.422,0.421,0.419,-2.097,-2.096,-2.098,-2.098,-2.098,-65.024,896.000
0.421,0.418,0.416,0.415,0.415,-2.097,-2.096,-2.096,-2.099,-2.099,-65.024,906.000
0.416,0.411,0.420,0.418,0.417,-2.098,-2.097,-2.098,-2.096,-2.096,-65.024,916.000
0.418,0.412,0.412,0.415,0.409,-2.098,-2.098,-2.097,-2.098,-2.097,-65.127,926.000
0.414,0.414,0.409,0.417,0.410,-2.097,-2.096,-2.097,-2.097,-2.098,-65.127,936.000
0.413,0.410,0.411,0.413,0.410,-2.096,-2.097,-2.098,-2.096,-2.098,-65.127,946.000
0.409,0.409,0.407,0.412,0.406,-2.097,-2.098,-2.095,-2.097,-2.096,-65.127,956.000
0.410,0.407,0.407,0.408,0.402,-2.097,-2.096,-2.099,-2.097,-2.096,-64.771,966.000
0.404,0.403,0.406,0.402,0.404,-2.096,-2.096,-2.097,-2.098,-2.099,-64.771,976.000
0.403,0.398,0.403,0.395,0.401,-2.097,-2.095,-2.095,-2.098,-2.097,-64.771,986.000
0.395,0.392,0.396,0.404,0.392,-2.098,-2.099,-2.096,-2.097,-2.097,-64.771,996.000
0.393,0.385,0.395,0.393,0.388,-2.095,-2.096,-2.097,-2.096,-2.096,-64.307,1006.000
0.382,0.387,0.383,0.383,0.384,-2.097,-2.095,-2.097,-2.095,-2.097,-64.307,1016.000
0.375,0.377,0.380,0.380,0.377,-2.097,-2.096,-2.096,-2.097,-2.097,-64.307,1026.000
0.368,0.367,0.370,0.371,0.370,-2.096,-2.097,-2.096,-2.096,-2.096,-64.307,1036.000
0.367,0.364,0.360,0.363,0.365,-2.096,-2.097,-2.096,-2.095,-2.097,-64.937,1046.000
0.357,0.360,0.359,0.353,0.350,-2.094,-2.098,-2.097,-2.097,-2.096,-64.937,1056.000
0.346,0.347,0.346,0.346,0.340,-2.098,-2.097,-2.095,-2.096,-2.097,-64.937,1066.000
0.341,0.334,0.336,0.337,0.336,-2.096,-2.095,-2.096,-2.095,-2.097,-64.937,1076.000
0.323,0.326,0.332,0.319,0.322,-2.097,-2.096,-2.097,-2.096,-2.097,-65.352,1086.000
0.316,0.316,0.315,0.314,0.310,-2.097,-2.095,-2.096,-2.096,-2.096,-65.352,1096.000
0.302,0.296,0.300,0.295,0.306,-2.095,-2.096,-2.095,-2.096,-2.096,-65.352,1106.000
0.287,0.283,0.297,0.284,0.286,-2.093,-2.092,-2.096,-2.094,-2.095,-65.352,1116.000
0.273,0.270,0.276,0.272,0.278,-2.096,-2.095,-2.094,-2.095,-2.094,-66.367,1126.000
0.257,0.264,0.263,0.260,0.256,-2.096,-2.097,-2.098,-2.096,-2.095,-66.367,1136.000
0.243,0.241,0.250,0.243,0.240,-2.098,-2.098,-2.097,-2.096,-2.097,-66.367,1146.000
0.233,0.226,0.230,0.235,0.228,-2.096,-2.096,-2.095,-2.095,-2.096,-66.367,1156.000
0.208,0.209,0.211,0.208,0.206,-2.095,-2.096,-2.096,-2.095,-2.095,-66.328,1166.000
0.196,0.197,0.197,0.200,0.192,-2.096,-2.096,-2.095,-2.093,-2.096,-66.328,1176.000
0.183,0.180,0.182,0.178,0.180,-2.096,-2.095,-2.095,-2.095,-2.096,-66.328,1186.000
0.170,0.158,0.165,0.165,0.159,-2.097,-2.096,-2.096,-2.097,-2.097,-66.328,1196.000
0.144,0.146,0.148,0.145,0.146,-2.096,-2.097,-2.095,-2.096,-2.096,-66.724,1206.000
0.135,0.129,0.129,0.133,0.125,-2.096,-2.097,-2.095,-2.096,-2.095,-66.724,1216.000
0.113,0.118,0.110,0.116,0.113,-2.096,-2.097,-2.095,-2.096,-2.095,-66.724,1226.000
0.101,0.101,0.099,0.105,0.097,-2.097,-2.096,-2.096,-2.097,-2.096,-66.724,1236.000
0.083,0.092,0.085,0.089,0.091,-2.094,-2.096,-2.096,-2.095,-2.094,-65.415,1246.000
0.075,0.074,0.074,0.073,0.074,-2.095,-2.095,-2.096,-2.097,-2.096,-65.415,1256.000
0.069,0.060,0.068,0.061,0.066,-2.095,-2.098,-2.094,-2.096,-2.096,-65.415,1266.000
0.060,0.052,0.057,0.051,0.062,-2.094,-2.094,-2.095,-2.097,-2.096,-65.415,1276.000
0.046,0.051,0.047,0.053,0.044,-2.094,-2.095,-2.097,-2.095,-2.093,-65.327,1286.000
0.039,0.042,0.038,0.045,0.043,-2.094,-2.094,-2.095,-2.095,-2.096,-65.327,1296.000
0.034,0.040,0.033,0.038,0.040,-2.094,-2.094,-2.094,-2.096,-2.095,-65.327,1306.000
0.031,0.031,0.031,0.034,0.029,-2.094,-2.094,-2.095,-2.094,-2.096,-65.327,1316.000
0.022,0.025,0.028,0.026,0.021,-2.096,-2.095,-2.094,-2.095,-2.093,-65.596,1326.000
0.021,0.026,0.023,0.022,0.019,-2.094,-2.096,-2.095,-2.096,-2.094,-65.596,1336.000
0.024,0.017,0.020,0.019,0.023,-2.094,-2.094,-2.095,-2.095,-2.095,-65.596,1346.000
0.021,0.019,0.020,0.019,0.020,-2.094,-2.093,-2.094,-2.095,-2.092,-65.596,1356.000
0.020,0.023,0.017,0.019,0.016,-2.095,-2.095,-2.095,-2.096,-2.095,-64.800,1366.000
0.022,0.022,0.017,0.015,0.015,-2.094,-2.094,-2.094,-2.092,-2.095,-64.800,1376.000
0.014,0.013,0.012,0.019,0.020,-2.094,-2.094,-2.092,-2.095,-2.095,-64.800,1386.000
0.013,0.014,0.019,0.015,0.015,-2.093,-2.096,-2.094,-2.094,-2.092,-64.800,1396.000
0.021,0.014,0.019,0.014,0.016,-2.094,-2.097,-2.096,-2.095,-2.094,-63.604,1406.000
0.011,0.019,0.015,0.016,0.014,-2.094,-2.096,-2.094,-2.095,-2.094,-63.604,1416.000
0.011,0.012,0.013,0.018,0.010,-2.095,-2.093,-2.093,-2.093,-2.095,-63.604,1426.000
0.021,0.014,0.016,0.012,0.010,-2.095,-2.093,-2.094,-2.094,-2.095,-63.604,1436.000
0.015,0.015,0.012,0.015,0.016,-2.094,-2.096,-2.094,-2.095,-2.095,-65.654,1446.000
0.018,0.011,0.017,0.011,0.010,-2.095,-2.094,-2.093,-2.093,-2.094,-65.654,1456.000
0.016,0.016,0.018,0.017,0.015,-2.092,-2.095,-2.094,-2.094,-2.097,-65.654,1466.000
0.008,0.018,0.011,0.016,0.011,-2.093,-2.094,-2.095,-2.095,-2.095,-65.654,1476.000
0.018,0.017,0.009,0.014,0.011,-2.094,-2.093,-2.095,-2.095,-2.093,-64.351,1486.000
0.014,0.014,0.017,0.015,0.016,-2.093,-2.095,-2.093,-2.094,-2.096,-64.351,1496.000
0.014,0.019,0.009,0.015,0.017,-2.094,-2.093,-2.094,-2.094,-2.094,-64.351,1506.000
0.012,0.013,0.012,0.012,0.015,-2.094,-2.092,-2.093,-2.091,-2.092,-64.351,1516.000
0.013,0.012,0.017,0.010,0.017,-2.096,-2.093,-2.094,-2.094,-2.094,-64.844,1526.000
0.012,0.016,0.015,0.012,0.017,-2.095,-2.095,-2.094,-2.094,-2.093,-64.844,1536.000
0.013,0.009,0.014,0.014,0.020,-2.093,-2.092,-2.093,-2.094,-2.096,-64.844,1546.000
0.016,0.015,0.013,0.011,0.020,-2.094,-2.093,-2.092,-2.096,-2.094,-64.844,1556.000
0.018,0.010,0.016,0.013,0.006,-2.092,-2.093,-2.093,-2.091,-2.093,-64.932,1566.000
0.017,0.014,0.018,0.017,0.013,-2.093,-2.092,-2.092,-2.094,-2.093,-64.932,1576.000
0.011,0.017,0.018,0.012,0.011,-2.094,-2.093,-2.094,-2.091,-2.093,-64.932,1586.000
0.014,0.019,0.019,0.014,0.016,-2.092,-2.093,-2.094,-2.094,-2.095,-64.932,1596.000
0.019,0.014,0.017,0.010,0.018,-2.093,-2.093,-2.093,-2.095,-2.093,-65.396,1606.000
0.014,0.014,0.021,0.012,0.017,-2.094,-2.094,-2.092,-2.093,-2.095,-65.396,1616.000
0.013,0.015,0.011,0.013,0.016,-2.093,-2.093,-2.094,-2.095,-2.095,-65.396,1626.000
0.017,0.007,0.018,0.012,0.014,-2.091,-2.093,-2.093,-2.093,-2.092,-65.396,1636.000
0.015,0.012,0.016,0.011,0.016,-2.094,-2.093,-2.093,-2.093,-2.093,-64.155,1646.000
0.013,0.015,0.015,0.013,0.014,-2.094,-2.093,-2.094,-2.092,-2.093,-64.155,1656.000
0.017,0.019,0.012,0.019,0.015,-2.092,-2.093,-2.093,-2.094,-2.092,-64.155,1666.000
0.017,0.013,0.012,0.016,0.014,-2.092,-2.093,-2.092,-2.093,-2.094,-64.155,1676.000
0.010,0.015,0.011,0.013,0.013,-2.093,-2.093,-2.092,-2.094,-2.093,-64.062,1686.000
0.012,0.019,0.018,0.014,0.016,-2.093,-2.091,-2.092,-2.092,-2.092,-64.062,1696.000
0.014,0.015,0.008,0.012,0.018,-2.093,-2.094,-2.093,-2.091,-2.093,-64.062,1706.000
0.020,0.016,0.014,0.015,0.010,-2.091,-2.094,-2.092,-2.092,-2.092,-64.062,1716.000
0.019,0.018,0.019,0.016,0.018,-2.093,-2.092,-2.091,-2.092,-2.093,-66.108,1726.000
0.017,0.014,0.013,0.011,0.020,-2.093,-2.093,-2.094,-2.094,-2.093,-66.108,1736.000
0.019,0.013,0.018,0.012,0.008,-2.092,-2.094,-2.093,-2.092,-2.093,-66.108,1746.000
0.010,0.012,0.015,0.016,0.015,-2.093,-2.092,-2.093,-2.091,-2.094,-66.108,1756.000
0.013,0.010,0.015,0.020,0.010,-2.093,-2.093,-2.092,-2.091,-2.092,-64.712,1766.000
0.012,0.019,0.015,0.010,0.014,-2.093,-2.091,-2.093,-2.092,-2.091,-64.712,1776.000
0.011,0.015,0.012,0.016,0.012,-2.093,-2.093,-2.094,-2.092,-2.093,-64.712,1786.000
0.015,0.016,0.020,0.014,0.017,-2.093,-2.094,-2.090,-2.092,-2.092,-64.712,1796.000
0.013,0.012,0.013,0.013,0.012,-2.093,-2.093,-2.092,-2.093,-2.093,-65.225,1806.000
0.015,0.012,0.019,0.015,0.011,-2.093,-2.092,-2.091,-2.091,-2.093,-65.225,1816.000
0.014,0.008,0.013,0.016,0.016,-2.092,-2.091,-2.092,-2.093,-2.093,-65.225,1826.000
0.017,0.014,0.015,0.010,0.010,-2.093,-2.092,-2.092,-2.094,-2.092,-65.225,1836.000
0.017,0.013,0.011,0.013,0.015,-2.091,-2.090,-2.089,-2.092,-2.092,-64.609,1846.000
0.020,0.014,0.016,0.015,0.012,-2.091,-2.092,-2.092,-2.092,-2.091,-64.609,1856.000
0.017,0.014,0.012,0.013,0.015,-2.091,-2.091,-2.091,-2.091,-2.088,-64.609,1866.000
0.019,0.014,0.020,0.012,0.018,-2.091,-2.092,-2.090,-2.091,-2.092,-64.609,1876.000
0.013,0.016,0.013,0.017,0.015,-2.092,-2.092,-2.092,-2.092,-2.090,-64.639,1886.000
0.012,0.013,0.016,0.014,0.011,-2.092,-2.092,-2.093,-2.093,-2.093,-64.639,1896.000
0.019,0.011,0.012,0.009,0.015,-2.093,-2.091,-2.090,-2.093,-2.091,-64.639,1906.000
0.015,0.018,0.014,0.014,0.014,-2.092,-2.092,-2.091,-2.093,-2.090,-64.639,1916.000
0.014,0.016,0.012,0.019,0.011,-2.090,-2.090,-2.092,-2.093,-2.092,-64.897,1926.000
0.017,0.015,0.016,0.018,0.009,-2.090,-2.090,-2.090,-2.091,-2.091,-64.897,1936.000
0.015,0.012,0.016,0.015,0.019,-2.091,-2.091,-2.091,-2.093,-2.093,-64.897,1946.000
0.012,0.014,0.014,0.009,0.019,-2.092,-2.093,-2.092,-2.091,-2.092,-64.897,1956.000
0.017,0.013,0.018,0.011,0.014,-2.091,-2.092,-2.091,-2.091,-2.091,-66.079,1966.000
0.010,0.014,0.011,0.017,0.019,-2.091,-2.094,-2.091,-2.091,-2.092,-66.079,1976.000
0.019,0.012,0.018,0.013,0.015,-2.092,-2.093,-2.091,-2.091,-2.091,-66.079,1986.000
0.014,0.016,0.014,0.018,0.018,-2.090,-2.092,-2.093,-2.094,-2.091,-66.079,1996.000
0.012,0.013,0.013,0.015,0.013,-2.090,-2.090,-2.091,-2.091,-2.090,-64.463,2006.000
0.016,0.017,0.014,0.014,0.006,-2.088,-2.093,-2.092,-2.090,-2.091,-64.463,2016.000
0.016,0.020,0.014,0.017,0.014,-2.090,-2.092,-2.092,-2.092,-2.090,-64.463,2026.000
0.019,0.010,0.015,0.016,0.011,-2.090,-2.091,-2.091,-2.090,-2.089,-64.463,2036.000
0.012,0.020,0.011,0.012,0.015,-2.089,-2.090,-2.089,-2.092,-2.090,-64.551,2046.000
0.016,0.016,0.013,0.015,0.009,-2.091,-2.092,-2.090,-2.091,-2.092,-64.551,2056.000
0.014,0.022,0.018,0.018,0.012,-2.090,-2.089,-2.092,-2.091,-2.092,-64.551,2066.000
0.019,0.017,0.011,0.011,0.017,-2.091,-2.090,-2.090,-2.089,-2.089,-64.551,2076.000
0.012,0.018,0.018,0.010,0.019,-2.090,-2.092,-2.090,-2.092,-2.090,-65.859,2086.000
0.012,0.015,0.018,0.019,0.014,-2.090,-2.091,-2.091,-2.091,-2.090,-65.859,2096.000
0.017,0.015,0.012,0.011,0.019,-2.092,-2.091,-2.090,-2.090,-2.090,-65.859,2106.000
0.011,0.017,0.015,0.014,0.015,-2.093,-2.090,-2.090,-2.089,-2.090,-65.859,2116.000
0.011,0.016,0.019,0.012,0.018,-2.092,-2.091,-2.091,-2.090,-2.089,-65.776,2126.000
0.017,0.019,0.015,0.022,0.018,-2.091,-2.091,-2.091,-2.088,-2.089,-65.776,2136.000
0.020,0.019,0.017,0.019,0.018,-2.092,-2.091,-2.090,-2.089,-2.090,-65.776,2146.000
0.019,0.023,0.018,0.018,0.017,-2.091,-2.091,-2.089,-2.089,-2.090,-65.776,2156.000
0.024,0.026,0.024,0.022,0.027,-2.090,-2.090,-2.090,-2.091,-2.091,-65.122,2166.000
0.024,0.023,0.025,0.027,0.025,-2.090,-2.089,-2.091,-2.090,-2.090,-65.122,2176.000
0.030,0.030,0.034,0.025,0.033,-2.090,-2.089,-2.090,-2.090,-2.090,-65.122,2186.000
0.040,0.038,0.032,0.041,0.035,-2.089,-2.092,-2.088,-2.087,-2.090,-65.122,2196.000
0.042,0.038,0.049,0.044,0.040,-2.088,-2.090,-2.089,-2.088,-2.090,-64.692,2206.000
0.050,0.044,0.050,0.048,0.047,-2.091,-2.089,-2.091,-2.091,-2.089,-64.692,2216.000
0.062,0.055,0.062,0.054,0.059,-2.089,-2.091,-2.089,-2.089,-2.091,-64.692,2226.000
0.068,0.063,0.067,0.068,0.067,-2.089,-2.090,-2.090,-2.090,-2.089,-64.692,2236.000
0.075,0.082,0.078,0.074,0.077,-2.092,-2.089,-2.089,-2.090,-2.089,-65.215,2246.000
0.095,0.087,0.096,0.094,0.089,-2.089,-2.089,-2.089,-2.091,-2.088,-65.215,2256.000
0.103,0.104,0.108,0.108,0.102,-2.089,-2.088,-2.092,-2.090,-2.089,-65.215,2266.000
0.118,0.115,0.122,0.122,0.115,-2.090,-2.090,-2.088,-2.090,-2.090,-65.215,2276.000
0.127,0.129,0.137,0.135,0.135,-2.090,-2.089,-2.090,-2.089,-2.091,-66.621,2286.000
0.152,0.146,0.149,0.150,0.148,-2.089,-2.090,-2.089,-2.089,-2.090,-66.621,2296.000
0.166,0.161,0.171,0.167,0.163,-2.089,-2.088,-2.089,-2.089,-2.090,-66.621,2306.000
0.183,0.183,0.180,0.184,0.186,-2.091,-2.089,-2.091,-2.089,-2.088,-66.621,2316.000
0.207,0.198,0.205,0.195,0.193,-2.088,-2.088,-2.089,-2.089,-2.089,-64.375,2326.000
0.214,0.216,0.217,0.215,0.221,-2.090,-2.090,-2.088,-2.090,-2.090,-64.375,2336.000
0.235,0.229,0.233,0.229,0.236,-2.089,-2.088,-2.089,-2.088,-2.089,-64.375,2346.000
0.249,0.247,0.248,0.252,0.249,-2.090,-2.091,-2.089,-2.089,-2.089,-64.375,2356.000
0.268,0.259,0.256,0.265,0.266,-2.092,-2.089,-2.087,-2.089,-2.090,-65.215,2366.000
0.277,0.279,0.278,0.281,0.277,-2.089,-2.088,-2.089,-2.089,-2.089,-65.215,2376.000
0.297,0.294,0.294,0.298,0.290,-2.088,-2.089,-2.089,-2.089,-2.089,-65.215,2386.000
0.303,0.301,0.315,0.301,0.304,-2.089,-2.090,-2.089,-2.088,-2.091,-65.215,2396.000
0.321,0.319,0.317,0.320,0.321,-2.089,-2.090,-2.089,-2.088,-2.088,-65.664,2406.000
0.328,0.331,0.327,0.337,0.330,-2.088,-2.089,-2.090,-2.089,-2.090,-65.664,2416.000
0.338,0.338,0.344,0.341,0.342,-2.089,-2.088,-2.089,-2.090,-2.088,-65.664,2426.000
0.348,0.347,0.356,0.353,0.349,-2.087,-2.090,-2.089,-2.089,-2.090,-65.664,2436.000
0.362,0.358,0.365,0.360,0.363,-2.088,-2.088,-2.088,-2.087,-2.087,-64.824,2446.000
0.369,0.368,0.372,0.367,0.371,-2.088,-2.089,-2.088,-2.090,-2.086,-64.824,2456.000
0.375,0.373,0.375,0.376,0.378,-2.089,-2.088,-2.087,-2.088,-2.089,-64.824,2466.000
0.382,0.379,0.380,0.380,0.385,-2.087,-2.087,-2.087,-2.088,-2.086,-64.824,2476.000
0.386,0.394,0.390,0.394,0.389,-2.087,-2.086,-2.087,-2.088,-2.089,-66.069,2486.000
0.393,0.393,0.395,0.393,0.392,-2.088,-2.089,-2.087,-2.088,-2.088,-66.069,2496.000
0.399,0.398,0.399,0.408,0.396,-2.088,-2.087,-2.087,-2.089,-2.089,-66.069,2506.000
0.402,0.402,0.409,0.405,0.409,-2.089,-2.088,-2.088,-2.089,-2.089,-66.069,2516.000
0.409,0.408,0.403,0.411,0.408,-2.090,-2.087,-2.088,-2.089,-2.087,-64.395,2526.000
0.410,0.413,0.418,0.412,0.416,-2.089,-2.089,-2.086,-2.087,-2.084,-64.395,2536.000
0.424,0.416,0.415,0.415,0.423,-2.087,-2.087,-2.088,-2.089,-2.088,-64.395,2546.000
0.417,0.415,0.419,0.418,0.420,-2.087,-2.087,-2.087,-2.087,-2.087,-64.395,2556.000
0.423,0.425,0.421,0.422,0.422,-2.087,-2.088,-2.087,-2.088,-2.089,-65.034,2566.000
0.420,0.418,0.420,0.426,0.425,-2.089,-2.086,-2.088,-2.088,-2.087,-65.034,2576.000
0.430,0.421,0.423,0.421,0.431,-2.086,-2.089,-2.089,-2.089,-2.088,-65.034,2586.000
0.423,0.429,0.432,0.426,0.424,-2.085,-2.088,-2.087,-2.087,-2.086,-65.034,2596.000
0.428,0.426,0.428,0.431,0.428,-2.087,-2.087,-2.087,-2.087,-2.088,-67.354,2606.000
0.435,0.430,0.429,0.427,0.429,-2.087,-2.088,-2.089,-2.088,-2.087,-67.354,2616.000
0.421,0.431,0.427,0.432,0.426,-2.088,-2.087,-2.089,-2.087,-2.089,-67.354,2626.000
0.434,0.433,0.435,0.432,0.432,-2.087,-2.087,-2.086,-2.087,-2.085,-67.354,2636.000
0.432,0.429,0.433,0.436,0.433,-2.089,-2.087,-2.088,-2.089,-2.089,-65.557,2646.000
0.434,0.433,0.429,0.429,0.430,-2.087,-2.087,-2.087,-2.086,-2.086,-65.557,2656.000
0.428,0.433,0.435,0.435,0.438,-2.087,-2.087,-2.087,-2.088,-2.087,-65.557,2666.000
0.432,0.425,0.432,0.434,0.434,-2.086,-2.086,-2.086,-2.084,-2.088,-65.557,2676.000
0.434,0.433,0.439,0.437,0.433,-2.087,-2.090,-2.085,-2.087,-2.086,-65.444,2686.000
0.429,0.437,0.431,0.432,0.431,-2.087,-2.086,-2.085,-2.088,-2.088,-65.444,2696.000
0.435,0.437,0.437,0.435,0.436,-2.086,-2.086,-2.087,-2.086,-2.087,-65.444,2706.000
0.438,0.432,0.436,0.434,0.438,-2.085,-2.088,-2.087,-2.086,-2.087,-65.444,2716.000
0.436,0.437,0.438,0.434,0.438,-2.086,-2.087,-2.087,-2.088,-2.087,-64.487,2726.000
0.438,0.440,0.433,0.439,0.435,-2.089,-2.087,-2.087,-2.085,-2.088,-64.487,2736.000
0.437,0.444,0.442,0.439,0.431,-2.087,-2.085,-2.089,-2.086,-2.087,-64.487,2746.000
0.437,0.437,0.436,0.440,0.434,-2.087,-2.088,-2.086,-2.089,-2.087,-64.487,2756.000
0.436,0.436,0.441,0.439,0.438,-2.085,-2.087,-2.085,-2.087,-2.084,-65.239,2766.000
0.442,0.437,0.440,0.439,0.432,-2.087,-2.088,-2.087,-2.086,-2.089,-65.239,2776.000
0.441,0.437,0.441,0.435,0.437,-2.087,-2.085,-2.087,-2.086,-2.088,-65.239,2786.000
0.436,0.441,0.435,0.439,0.442,-2.088,-2.087,-2.087,-2.087,-2.087,-65.239,2796.000
0.437,0.438,0.425,0.439,0.440,-2.087,-2.086,-2.086,-2.085,-2.086,-65.464,2806.000
0.429,0.438,0.435,0.439,0.437,-2.086,-2.087,-2.086,-2.086,-2.087,-65.464,2816.000
0.443,0.436,0.435,0.441,0.438,-2.087,-2.085,-2.088,-2.084,-2.086,-65.464,2826.000
0.443,0.436,0.440,0.438,0.437,-2.086,-2.086,-2.086,-2.087,-2.085,-65.464,2836.000
0.435,0.442,0.439,0.442,0.438,-2.086,-2.087,-2.085,-2.086,-2.086,-65.625,2846.000
0.433,0.438,0.438,0.442,0.434,-2.084,-2.086,-2.085,-2.085,-2.085,-65.625,2856.000
0.444,0.438,0.439,0.446,0.438,-2.086,-2.085,-2.086,-2.085,-2.085,-65.625,2866.000
0.441,0.440,0.439,0.447,0.436,-2.086,-2.087,-2.085,-2.085,-2.085,-65.625,2876.000
0.441,0.441,0.439,0.441,0.432,-2.084,-2.086,-2.085,-2.087,-2.086,-64.541,2886.000
0.441,0.439,0.438,0.444,0.434,-2.085,-2.086,-2.085,-2.087,-2.086,-64.541,2896.000
0.440,0.437,0.443,0.439,0.439,-2.084,-2.086,-2.086,-2.088,-2.085,-64.541,2906.000
0.447,0.442,0.439,0.439,0.440,-2.084,-2.084,-2.087,-2.086,-2.085,-64.541,2916.000
0.443,0.430,0.439,0.435,0.444,-2.085,-2.085,-2.087,-2.084,-2.086,-66.069,2926.000
0.438,0.442,0.442,0.439,0.444,-2.086,-2.087,-2.085,-2.084,-2.087,-66.069,2936.000
0.435,0.440,0.438,0.438,0.443,-2.086,-2.085,-2.083,-2.084,-2.084,-66.069,2946.000
0.439,0.437,0.436,0.441,0.438,-2.085,-2.087,-2.088,-2.085,-2.085,-66.069,2956.000
0.438,0.447,0.437,0.439,0.441,-2.086,-2.085,-2.086,-2.086,-2.085,-66.299,2966.000
0.443,0.434,0.441,0.440,0.444,-2.085,-2.085,-2.086,-2.087,-2.085,-66.299,2976.000
0.439,0.444,0.439,0.443,0.444,-2.086,-2.083,-2.084,-2.085,-2.085,-66.299,2986.000
0.443,0.439,0.440,0.437,0.443,-2.084,-2.086,-2.085,-2.084,-2.085,-66.299,2996.000
0.448,0.444,0.439,0.443,0.438,-2.085,-2.086,-2.085,-2.086,-2.085,-66.475,3006.000
0.441,0.437,0.435,0.442,0.436,-2.083,-2.085,-2.086,-2.086,-2.085,-66.475,3016.000
0.441,0.446,0.440,0.439,0.435,-2.085,-2.084,-2.085,-2.086,-2.085,-66.475,3026.000
0.440,0.449,0.442,0.438,0.441,-2.084,-2.084,-2.085,-2.085,-2.086,-66.475,3036.000
0.439,0.441,0.443,0.437,0.441,-2.085,-2.086,-2.086,-2.087,-2.085,-65.586,3046.000
0.438,0.442,0.439,0.441,0.439,-2.086,-2.085,-2.085,-2.085,-2.086,-65.586,3056.000
0.441,0.440,0.443,0.440,0.433,-2.085,-2.085,-2.086,-2.083,-2.085,-65.586,3066.000
0.433,0.439,0.438,0.447,0.438,-2.084,-2.085,-2.084,-2.085,-2.084,-65.586,3076.000
0.442,0.445,0.437,0.441,0.441,-2.087,-2.082,-2.085,-2.085,-2.084,-65.498,3086.000
0.437,0.438,0.440,0.438,0.438,-2.086,-2.084,-2.083,-2.084,-2.084,-65.498,3096.000
0.439,0.444,0.440,0.439,0.438,-2.083,-2.085,-2.084,-2.084,-2.084,-65.498,3106.000
0.444,0.442,0.439,0.443,0.443,-2.085,-2.084,-2.083,-2.085,-2.085,-65.498,3116.000
0.438,0.440,0.443,0.443,0.444,-2.086,-2.084,-2.084,-2.084,-2.086,-64.814,3126.000
0.442,0.443,0.442,0.437,0.439,-2.086,-2.083,-2.082,-2.086,-2.084,-64.814,3136.000
0.446,0.444,0.439,0.442,0.437,-2.083,-2.083,-2.084,-2.084,-2.084,-64.814,3146.000
0.438,0.444,0.442,0.443,0.436,-2.083,-2.083,-2.084,-2.083,-2.084,-64.814,3156.000
0.440,0.445,0.440,0.442,0.441,-2.086,-2.084,-2.086,-2.084,-2.084,-63.013,3166.000
0.445,0.435,0.445,0.439,0.445,-2.084,-2.084,-2.085,-2.085,-2.086,-63.013,3176.000
0.444,0.435,0.440,0.444,0.438,-2.084,-2.084,-2.084,-2.084,-2.084,-63.013,3186.000
0.441,0.439,0.439,0.437,0.441,-2.083,-2.085,-2.083,-2.085,-2.085,-63.013,3196.000
0.445,0.445,0.440,0.446,0.434,-2.084,-2.084,-2.084,-2.083,-2.084,-65.010,3206.000
0.437,0.442,0.439,0.439,0.446,-2.085,-2.085,-2.084,-2.084,-2.083,-65.010,3216.000
0.444,0.443,0.437,0.443,0.443,-2.083,-2.084,-2.084,-2.084,-2.083,-65.010,3226.000
0.445,0.442,0.445,0.448,0.442,-2.085,-2.084,-2.086,-2.084,-2.084,-65.010,3236.000
0.439,0.440,0.444,0.435,0.441,-2.083,-2.082,-2.084,-2.083,-2.085,-64.141,3246.000
0.436,0.441,0.443,0.441,0.444,-2.084,-2.084,-2.085,-2.084,-2.084,-64.141,3256.000
0.451,0.439,0.446,0.443,0.446,-2.084,-2.085,-2.085,-2.084,-2.084,-64.141,3266.000
0.444,0.445,0.440,0.445,0.438,-2.084,-2.084,-2.084,-2.084,-2.083,-64.141,3276.000
0.440,0.442,0.442,0.438,0.444,-2.085,-2.083,-2.085,-2.085,-2.084,-65.547,3286.000
0.442,0.435,0.447,0.440,0.442,-2.083,-2.084,-2.084,-2.082,-2.083,-65.547,3296.000
0.444,0.441,0.445,0.445,0.438,-2.084,-2.086,-2.084,-2.084,-2.083,-65.547,3306.000
0.440,0.443,0.444,0.442,0.444,-2.083,-2.083,-2.084,-2.082,-2.084,-65.547,3316.000
0.441,0.441,0.441,0.441,0.443,-2.085,-2.086,-2.084,-2.083,-2.084,-65.518,3326.000
0.438,0.444,0.438,0.446,0.440,-2.084,-2.083,-2.083,-2.082,-2.084,-65.518,3336.000
0.439,0.444,0.439,0.445,0.440,-2.082,-2.084,-2.084,-2.085,-2.084,-65.518,3346.000
0.442,0.438,0.441,0.446,0.438,-2.084,-2.082,-2.083,-2.084,-2.084,-65.518,3356.000
0.437,0.444,0.443,0.442,0.446,-2.084,-2.083,-2.083,-2.083,-2.084,-64.351,3366.000
0.441,0.444,0.444,0.446,0.443,-2.085,-2.084,-2.085,-2.085,-2.084,-64.351,3376.000
0.442,0.441,0.444,0.438,0.448,-2.085,-2.083,-2.084,-2.083,-2.084,-64.351,3386.000
0.446,0.448,0.445,0.441,0.441,-2.084,-2.083,-2.083,-2.082,-2.084,-64.351,3396.000
0.440,0.442,0.448,0.442,0.451,-2.084,-2.084,-2.084,-2.084,-2.082,-65.747,3406.000
0.443,0.445,0.443,0.440,0.447,-2.084,-2.084,-2.082,-2.083,-2.084,-65.747,3416.000
0.444,0.443,0.445,0.443,0.443,-2.082,-2.082,-2.082,-2.084,-2.082,-65.747,3426.000
0.445,0.439,0.443,0.441,0.440,-2.083,-2.083,-2.084,-2.080,-2.083,-65.747,3436.000
0.441,0.443,0.442,0.437,0.446,-2.083,-2.084,-2.082,-2.085,-2.081,-64.937,3446.000
0.442,0.440,0.443,0.443,0.448,-2.080,-2.083,-2.082,-2.083,-2.082,-64.937,3456.000
0.440,0.438,0.441,0.445,0.443,-2.086,-2.084,-2.082,-2.083,-2.084,-64.937,3466.000
0.444,0.442,0.441,0.445,0.449,-2.083,-2.084,-2.082,-2.082,-2.081,-64.937,3476.000
0.443,0.445,0.444,0.438,0.439,-2.081,-2.082,-2.081,-2.083,-2.082,-66.431,3486.000
0.449,0.444,0.443,0.440,0.444,-2.083,-2.083,-2.083,-2.083,-2.082,-66.431,3496.000
0.439,0.444,0.444,0.443,0.444,-2.084,-2.082,-2.081,-2.082,-2.082,-66.431,3506.000
0.440,0.444,0.439,0.444,0.444,-2.081,-2.082,-2.081,-2.083,-2.081,-66.431,3516.000
0.443,0.443,0.442,0.446,0.444,-2.081,-2.081,-2.083,-2.081,-2.081,-66.450,3526.000
0.439,0.444,0.441,0.443,0.439,-2.082,-2.081,-2.083,-2.081,-2.084,-66.450,3536.000
0.431,0.442,0.442,0.440,0.445,-2.081,-2.082,-2.082,-2.080,-2.080,-66.450,3546.000
0.440,0.439,0.444,0.443,0.443,-2.081,-2.083,-2.082,-2.081,-2.083,-66.450,3556.000
0.445,0.447,0.447,0.439,0.443,-2.082,-2.084,-2.081,-2.083,-2.082,-65.464,3566.000
0.441,0.441,0.447,0.446,0.444,-2.083,-2.083,-2.084,-2.082,-2.082,-65.464,3576.000
0.442,0.442,0.446,0.442,0.441,-2.083,-2.082,-2.083,-2.081,-2.081,-65.464,3586.000
0.445,0.442,0.450,0.439,0.443,-2.083,-2.083,-2.083,-2.082,-2.082,-65.464,3596.000
0.442,0.446,0.440,0.448,0.439,-2.083,-2.083,-2.081,-2.081,-2.082,-65.630,3606.000
0.444,0.446,0.445,0.444,0.442,-2.081,-2.082,-2.082,-2.080,-2.082,-65.630,3616.000
0.440,0.448,0.444,0.444,0.445,-2.082,-2.081,-2.082,-2.084,-2.082,-65.630,3626.000
0.448,0.440,0.442,0.448,0.447,-2.083,-2.082,-2.082,-2.083,-2.083,-65.630,3636.000
0.441,0.445,0.442,0.449,0.445,-2.083,-2.083,-2.083,-2.083,-2.083,-65.664,3646.000
0.441,0.443,0.441,0.443,0.446,-2.081,-2.081,-2.082,-2.081,-2.082,-65.664,3656.000
0.442,0.444,0.443,0.448,0.446,-2.083,-2.080,-2.081,-2.080,-2.080,-65.664,3666.000
0.440,0.446,0.444,0.444,0.434,-2.081,-2.083,-2.082,-2.082,-2.081,-65.664,3676.000
0.446,0.443,0.443,0.445,0.442,-2.080,-2.080,-2.080,-2.080,-2.078,-65.259,3686.000
0.440,0.441,0.443,0.441,0.438,-2.081,-2.082,-2.081,-2.081,-2.083,-65.259,3696.000
0.439,0.451,0.448,0.440,0.441,-2.080,-2.081,-2.083,-2.080,-2.082,-65.259,3706.000
0.452,0.446,0.439,0.450,0.438,-2.083,-2.082,-2.082,-2.081,-2.082,-65.259,3716.000
0.443,0.449,0.441,0.446,0.440,-2.081,-2.080,-2.080,-2.082,-2.080,-65.093,3726.000
0.442,0.447,0.454,0.441,0.446,-2.080,-2.081,-2.081,-2.082,-2.083,-65.093,3736.000
0.449,0.435,0.447,0.445,0.447,-2.081,-2.081,-2.082,-2.081,-2.081,-65.093,3746.000
0.441,0.444,0.439,0.443,0.446,-2.080,-2.082,-2.082,-2.082,-2.081,-65.093,3756.000
0.448,0.441,0.441,0.450,0.442,-2.083,-2.081,-2.081,-2.080,-2.082,-65.732,3766.000
0.443,0.443,0.446,0.441,0.443,-2.081,-2.082,-2.081,-2.082,-2.081,-65.732,3776.000
0.447,0.444,0.439,0.445,0.442,-2.082,-2.082,-2.081,-2.079,-2.080,-65.732,3786.000
0.445,0.447,0.443,0.442,0.441,-2.081,-2.081,-2.083,-2.080,-2.081,-65.732,3796.000
0.441,0.447,0.445,0.449,0.442,-2.082,-2.082,-2.082,-2.082,-2.082,-65.044,3806.000
0.442,0.447,0.444,0.442,0.447,-2.081,-2.080,-2.081,-2.080,-2.081,-65.044,3816.000
0.443,0.445,0.441,0.446,0.444,-2.081,-2.081,-2.082,-2.081,-2.080,-65.044,3826.000
0.446,0.443,0.440,0.442,0.443,-2.081,-2.082,-2.082,-2.080,-2.080,-65.044,3836.000
0.445,0.443,0.441,0.451,0.443,-2.080,-2.081,-2.079,-2.081,-2.081,-64.097,3846.000
0.439,0.438,0.446,0.443,0.446,-2.080,-2.079,-2.079,-2.079,-2.082,-64.097,3856.000
0.441,0.448,0.441,0.450,0.447,-2.080,-2.081,-2.081,-2.082,-2.081,-64.097,3866.000
0.445,0.447,0.445,0.448,0.446,-2.081,-2.081,-2.082,-2.082,-2.082,-64.097,3876.000
0.445,0.448,0.443,0.447,0.447,-2.081,-2.081,-2.080,-2.079,-2.081,-64.082,3886.000
0.450,0.443,0.444,0.447,0.444,-2.078,-2.082,-2.081,-2.082,-2.081,-64.082,3896.000
0.445,0.451,0.444,0.444,0.447,-2.081,-2.081,-2.083,-2.081,-2.080,-64.082,3906.000
0.450,0.444,0.444,0.448,0.442,-2.081,-2.080,-2.080,-2.080,-2.080,-64.082,3916.000
0.447,0.440,0.450,0.443,0.439,-2.081,-2.080,-2.080,-2.079,-2.078,-65.010,3926.000
0.448,0.441,0.443,0.444,0.440,-2.082,-2.081,-2.082,-2.080,-2.082,-65.010,3936.000
0.443,0.446,0.441,0.446,0.447,-2.080,-2.079,-2.080,-2.080,-2.081,-65.010,3946.000
0.441,0.442,0.442,0.449,0.442,-2.080,-2.078,-2.079,-2.080,-2.080,-65.010,3956.000
0.448,0.447,0.445,0.440,0.442,-2.081,-2.079,-2.079,-2.082,-2.080,-66.738,3966.000
0.444,0.448,0.447,0.439,0.443,-2.082,-2.079,-2.081,-2.079,-2.081,-66.738,3976.000
0.448,0.440,0.441,0.445,0.441,-2.079,-2.080,-2.080,-2.080,-2.081,-66.738,3986.000
0.441,0.443,0.438,0.446,0.441,-2.078,-2.081,-2.080,-2.081,-2.079,-66.738,3996.000
0.444,0.442,0.445,0.446,0.440,-2.079,-2.081,-2.079,-2.079,-2.080,-66.577,4006.000
